vehicle_id,field,tier
lucid-air-pure-2026,identity.msrp_usd,P
lucid-air-pure-2026,powertrain.motor_count,P
lucid-air-pure-2026,powertrain.drive_layout,P
lucid-air-pure-2026,powertrain.power_hp,P
lucid-air-pure-2026,powertrain.torque_lbft,P
lucid-air-pure-2026,powertrain.accel_0_60_s,P
lucid-air-pure-2026,powertrain.motor_type,P
lucid-air-pure-2026,powertrain.inverter_semiconductor,missing
lucid-air-pure-2026,battery.pack_kwh,P
lucid-air-pure-2026,battery.pack_kwh_basis,P
lucid-air-pure-2026,battery.system_voltage_v,S
lucid-air-pure-2026,battery.cell_format,missing
lucid-air-pure-2026,battery.cell_chemistry,missing
lucid-air-pure-2026,battery.cell_supplier,missing
lucid-air-pure-2026,battery.module_count,P
lucid-air-pure-2026,battery.structural_pack,missing
lucid-air-pure-2026,charging.port_type,P
lucid-air-pure-2026,charging.peak_dc_kw,P
lucid-air-pure-2026,charging.onboard_ac_kw,P
lucid-air-pure-2026,charging.range_added_mi,P
lucid-air-pure-2026,charging.range_added_time_min,P
lucid-air-pure-2026,efficiency.epa_range_mi,P
lucid-air-pure-2026,efficiency.epa_kwh_per_100mi,P
lucid-air-pure-2026,efficiency.epa_mpge_combined,P
lucid-air-pure-2026,efficiency.cltc_range_km,missing
lucid-air-pure-2026,efficiency.cltc_kwh_per_100km,missing
lucid-air-pure-2026,body.curb_weight_lb,P
lucid-air-pure-2026,body.drag_coefficient,P
lucid-air-pure-2026,body.length_in,P
lucid-air-pure-2026,body.width_in,P
lucid-air-pure-2026,body.height_in,P
lucid-air-pure-2026,body.wheelbase_in,P
lucid-air-pure-2026,chassis.front_suspension,missing
lucid-air-pure-2026,chassis.rear_suspension,missing
lucid-air-pure-2026,adas.sensor_suite,missing
lucid-air-pure-2026,adas.system_name,P
tesla-model-y-premium-rwd-2026,identity.msrp_usd,S
tesla-model-y-premium-rwd-2026,powertrain.motor_count,missing
tesla-model-y-premium-rwd-2026,powertrain.drive_layout,P
tesla-model-y-premium-rwd-2026,powertrain.power_hp,missing
tesla-model-y-premium-rwd-2026,powertrain.torque_lbft,missing
tesla-model-y-premium-rwd-2026,powertrain.accel_0_60_s,P
tesla-model-y-premium-rwd-2026,powertrain.motor_type,missing
tesla-model-y-premium-rwd-2026,powertrain.inverter_semiconductor,missing
tesla-model-y-premium-rwd-2026,battery.pack_kwh,S
tesla-model-y-premium-rwd-2026,battery.pack_kwh_basis,S
tesla-model-y-premium-rwd-2026,battery.system_voltage_v,missing
tesla-model-y-premium-rwd-2026,battery.cell_format,missing
tesla-model-y-premium-rwd-2026,battery.cell_chemistry,missing
tesla-model-y-premium-rwd-2026,battery.cell_supplier,missing
tesla-model-y-premium-rwd-2026,battery.module_count,missing
tesla-model-y-premium-rwd-2026,battery.structural_pack,missing
tesla-model-y-premium-rwd-2026,charging.port_type,P
tesla-model-y-premium-rwd-2026,charging.peak_dc_kw,P
tesla-model-y-premium-rwd-2026,charging.onboard_ac_kw,missing
tesla-model-y-premium-rwd-2026,charging.range_added_mi,P
tesla-model-y-premium-rwd-2026,charging.range_added_time_min,P
tesla-model-y-premium-rwd-2026,efficiency.epa_range_mi,P
tesla-model-y-premium-rwd-2026,efficiency.epa_kwh_per_100mi,P
tesla-model-y-premium-rwd-2026,efficiency.epa_mpge_combined,P
tesla-model-y-premium-rwd-2026,efficiency.cltc_range_km,missing
tesla-model-y-premium-rwd-2026,efficiency.cltc_kwh_per_100km,missing
tesla-model-y-premium-rwd-2026,body.curb_weight_lb,P
tesla-model-y-premium-rwd-2026,body.drag_coefficient,missing
tesla-model-y-premium-rwd-2026,body.length_in,P
tesla-model-y-premium-rwd-2026,body.width_in,missing
tesla-model-y-premium-rwd-2026,body.height_in,P
tesla-model-y-premium-rwd-2026,body.wheelbase_in,missing
tesla-model-y-premium-rwd-2026,chassis.front_suspension,missing
tesla-model-y-premium-rwd-2026,chassis.rear_suspension,missing
tesla-model-y-premium-rwd-2026,adas.sensor_suite,missing
tesla-model-y-premium-rwd-2026,adas.system_name,missing
tesla-model-3-2026,identity.msrp_usd,P
tesla-model-3-2026,powertrain.motor_count,missing
tesla-model-3-2026,powertrain.drive_layout,P
tesla-model-3-2026,powertrain.power_hp,S
tesla-model-3-2026,powertrain.torque_lbft,missing
tesla-model-3-2026,powertrain.accel_0_60_s,P
tesla-model-3-2026,powertrain.motor_type,missing
tesla-model-3-2026,powertrain.inverter_semiconductor,missing
tesla-model-3-2026,battery.pack_kwh,S
tesla-model-3-2026,battery.pack_kwh_basis,S
tesla-model-3-2026,battery.system_voltage_v,missing
tesla-model-3-2026,battery.cell_format,missing
tesla-model-3-2026,battery.cell_chemistry,missing
tesla-model-3-2026,battery.cell_supplier,missing
tesla-model-3-2026,battery.module_count,missing
tesla-model-3-2026,battery.structural_pack,missing
tesla-model-3-2026,charging.port_type,S
tesla-model-3-2026,charging.peak_dc_kw,P
tesla-model-3-2026,charging.onboard_ac_kw,S
tesla-model-3-2026,charging.range_added_mi,missing
tesla-model-3-2026,charging.range_added_time_min,missing
tesla-model-3-2026,efficiency.epa_range_mi,P
tesla-model-3-2026,efficiency.epa_kwh_per_100mi,P
tesla-model-3-2026,efficiency.epa_mpge_combined,P
tesla-model-3-2026,efficiency.cltc_range_km,missing
tesla-model-3-2026,efficiency.cltc_kwh_per_100km,missing
tesla-model-3-2026,body.curb_weight_lb,P
tesla-model-3-2026,body.drag_coefficient,missing
tesla-model-3-2026,body.length_in,P
tesla-model-3-2026,body.width_in,S
tesla-model-3-2026,body.height_in,P
tesla-model-3-2026,body.wheelbase_in,S
tesla-model-3-2026,chassis.front_suspension,missing
tesla-model-3-2026,chassis.rear_suspension,missing
tesla-model-3-2026,adas.sensor_suite,missing
tesla-model-3-2026,adas.system_name,missing
tesla-model-s-2026,identity.msrp_usd,P
tesla-model-s-2026,powertrain.motor_count,missing
tesla-model-s-2026,powertrain.drive_layout,P
tesla-model-s-2026,powertrain.power_hp,P
tesla-model-s-2026,powertrain.torque_lbft,missing
tesla-model-s-2026,powertrain.accel_0_60_s,P
tesla-model-s-2026,powertrain.motor_type,missing
tesla-model-s-2026,powertrain.inverter_semiconductor,missing
tesla-model-s-2026,battery.pack_kwh,S
tesla-model-s-2026,battery.pack_kwh_basis,S
tesla-model-s-2026,battery.system_voltage_v,missing
tesla-model-s-2026,battery.cell_format,missing
tesla-model-s-2026,battery.cell_chemistry,missing
tesla-model-s-2026,battery.cell_supplier,missing
tesla-model-s-2026,battery.module_count,missing
tesla-model-s-2026,battery.structural_pack,missing
tesla-model-s-2026,charging.port_type,P
tesla-model-s-2026,charging.peak_dc_kw,P
tesla-model-s-2026,charging.onboard_ac_kw,missing
tesla-model-s-2026,charging.range_added_mi,missing
tesla-model-s-2026,charging.range_added_time_min,missing
tesla-model-s-2026,efficiency.epa_range_mi,P
tesla-model-s-2026,efficiency.epa_kwh_per_100mi,P
tesla-model-s-2026,efficiency.epa_mpge_combined,P
tesla-model-s-2026,efficiency.cltc_range_km,missing
tesla-model-s-2026,efficiency.cltc_kwh_per_100km,missing
tesla-model-s-2026,body.curb_weight_lb,P
tesla-model-s-2026,body.drag_coefficient,missing
tesla-model-s-2026,body.length_in,S
tesla-model-s-2026,body.width_in,missing
tesla-model-s-2026,body.height_in,S
tesla-model-s-2026,body.wheelbase_in,S
tesla-model-s-2026,chassis.front_suspension,missing
tesla-model-s-2026,chassis.rear_suspension,missing
tesla-model-s-2026,adas.sensor_suite,missing
tesla-model-s-2026,adas.system_name,missing
lucid-gravity-2026,identity.msrp_usd,P
lucid-gravity-2026,powertrain.motor_count,missing
lucid-gravity-2026,powertrain.drive_layout,P
lucid-gravity-2026,powertrain.power_hp,P
lucid-gravity-2026,powertrain.torque_lbft,S
lucid-gravity-2026,powertrain.accel_0_60_s,P
lucid-gravity-2026,powertrain.motor_type,missing
lucid-gravity-2026,powertrain.inverter_semiconductor,missing
lucid-gravity-2026,battery.pack_kwh,P
lucid-gravity-2026,battery.pack_kwh_basis,P
lucid-gravity-2026,battery.system_voltage_v,missing
lucid-gravity-2026,battery.cell_format,missing
lucid-gravity-2026,battery.cell_chemistry,missing
lucid-gravity-2026,battery.cell_supplier,missing
lucid-gravity-2026,battery.module_count,missing
lucid-gravity-2026,battery.structural_pack,missing
lucid-gravity-2026,charging.port_type,P
lucid-gravity-2026,charging.peak_dc_kw,P
lucid-gravity-2026,charging.onboard_ac_kw,S
lucid-gravity-2026,charging.range_added_mi,missing
lucid-gravity-2026,charging.range_added_time_min,missing
lucid-gravity-2026,efficiency.epa_range_mi,P
lucid-gravity-2026,efficiency.epa_kwh_per_100mi,P
lucid-gravity-2026,efficiency.epa_mpge_combined,P
lucid-gravity-2026,efficiency.cltc_range_km,missing
lucid-gravity-2026,efficiency.cltc_kwh_per_100km,missing
lucid-gravity-2026,body.curb_weight_lb,S
lucid-gravity-2026,body.drag_coefficient,missing
lucid-gravity-2026,body.length_in,P
lucid-gravity-2026,body.width_in,S
lucid-gravity-2026,body.height_in,P
lucid-gravity-2026,body.wheelbase_in,P
lucid-gravity-2026,chassis.front_suspension,missing
lucid-gravity-2026,chassis.rear_suspension,missing
lucid-gravity-2026,adas.sensor_suite,missing
lucid-gravity-2026,adas.system_name,missing
rivian-r1t-2026,identity.msrp_usd,S
rivian-r1t-2026,powertrain.motor_count,missing
rivian-r1t-2026,powertrain.drive_layout,P
rivian-r1t-2026,powertrain.power_hp,P
rivian-r1t-2026,powertrain.torque_lbft,P
rivian-r1t-2026,powertrain.accel_0_60_s,P
rivian-r1t-2026,powertrain.motor_type,missing
rivian-r1t-2026,powertrain.inverter_semiconductor,missing
rivian-r1t-2026,battery.pack_kwh,P
rivian-r1t-2026,battery.pack_kwh_basis,P
rivian-r1t-2026,battery.system_voltage_v,missing
rivian-r1t-2026,battery.cell_format,missing
rivian-r1t-2026,battery.cell_chemistry,missing
rivian-r1t-2026,battery.cell_supplier,missing
rivian-r1t-2026,battery.module_count,missing
rivian-r1t-2026,battery.structural_pack,missing
rivian-r1t-2026,charging.port_type,P
rivian-r1t-2026,charging.peak_dc_kw,S
rivian-r1t-2026,charging.onboard_ac_kw,missing
rivian-r1t-2026,charging.range_added_mi,missing
rivian-r1t-2026,charging.range_added_time_min,missing
rivian-r1t-2026,efficiency.epa_range_mi,P
rivian-r1t-2026,efficiency.epa_kwh_per_100mi,P
rivian-r1t-2026,efficiency.epa_mpge_combined,P
rivian-r1t-2026,efficiency.cltc_range_km,missing
rivian-r1t-2026,efficiency.cltc_kwh_per_100km,missing
rivian-r1t-2026,body.curb_weight_lb,S
rivian-r1t-2026,body.drag_coefficient,missing
rivian-r1t-2026,body.length_in,P
rivian-r1t-2026,body.width_in,P
rivian-r1t-2026,body.height_in,missing
rivian-r1t-2026,body.wheelbase_in,P
rivian-r1t-2026,chassis.front_suspension,missing
rivian-r1t-2026,chassis.rear_suspension,missing
rivian-r1t-2026,adas.sensor_suite,missing
rivian-r1t-2026,adas.system_name,missing
rivian-r2-2027,identity.msrp_usd,P
rivian-r2-2027,powertrain.motor_count,missing
rivian-r2-2027,powertrain.drive_layout,P
rivian-r2-2027,powertrain.power_hp,P
rivian-r2-2027,powertrain.torque_lbft,P
rivian-r2-2027,powertrain.accel_0_60_s,P
rivian-r2-2027,powertrain.motor_type,missing
rivian-r2-2027,powertrain.inverter_semiconductor,missing
rivian-r2-2027,battery.pack_kwh,P
rivian-r2-2027,battery.pack_kwh_basis,P
rivian-r2-2027,battery.system_voltage_v,missing
rivian-r2-2027,battery.cell_format,missing
rivian-r2-2027,battery.cell_chemistry,missing
rivian-r2-2027,battery.cell_supplier,missing
rivian-r2-2027,battery.module_count,missing
rivian-r2-2027,battery.structural_pack,missing
rivian-r2-2027,charging.port_type,P
rivian-r2-2027,charging.peak_dc_kw,S
rivian-r2-2027,charging.onboard_ac_kw,missing
rivian-r2-2027,charging.range_added_mi,missing
rivian-r2-2027,charging.range_added_time_min,missing
rivian-r2-2027,efficiency.epa_range_mi,P
rivian-r2-2027,efficiency.epa_kwh_per_100mi,P
rivian-r2-2027,efficiency.epa_mpge_combined,P
rivian-r2-2027,efficiency.cltc_range_km,missing
rivian-r2-2027,efficiency.cltc_kwh_per_100km,missing
rivian-r2-2027,body.curb_weight_lb,S
rivian-r2-2027,body.drag_coefficient,missing
rivian-r2-2027,body.length_in,P
rivian-r2-2027,body.width_in,P
rivian-r2-2027,body.height_in,P
rivian-r2-2027,body.wheelbase_in,P
rivian-r2-2027,chassis.front_suspension,missing
rivian-r2-2027,chassis.rear_suspension,missing
rivian-r2-2027,adas.sensor_suite,missing
rivian-r2-2027,adas.system_name,missing
hyundai-ioniq5-2026,identity.msrp_usd,P
hyundai-ioniq5-2026,powertrain.motor_count,missing
hyundai-ioniq5-2026,powertrain.drive_layout,P
hyundai-ioniq5-2026,powertrain.power_hp,P
hyundai-ioniq5-2026,powertrain.torque_lbft,P
hyundai-ioniq5-2026,powertrain.accel_0_60_s,missing
hyundai-ioniq5-2026,powertrain.motor_type,missing
hyundai-ioniq5-2026,powertrain.inverter_semiconductor,missing
hyundai-ioniq5-2026,battery.pack_kwh,P
hyundai-ioniq5-2026,battery.pack_kwh_basis,P
hyundai-ioniq5-2026,battery.system_voltage_v,missing
hyundai-ioniq5-2026,battery.cell_format,missing
hyundai-ioniq5-2026,battery.cell_chemistry,missing
hyundai-ioniq5-2026,battery.cell_supplier,missing
hyundai-ioniq5-2026,battery.module_count,missing
hyundai-ioniq5-2026,battery.structural_pack,missing
hyundai-ioniq5-2026,charging.port_type,P
hyundai-ioniq5-2026,charging.peak_dc_kw,P
hyundai-ioniq5-2026,charging.onboard_ac_kw,P
hyundai-ioniq5-2026,charging.range_added_mi,missing
hyundai-ioniq5-2026,charging.range_added_time_min,missing
hyundai-ioniq5-2026,efficiency.epa_range_mi,P
hyundai-ioniq5-2026,efficiency.epa_kwh_per_100mi,P
hyundai-ioniq5-2026,efficiency.epa_mpge_combined,P
hyundai-ioniq5-2026,efficiency.cltc_range_km,missing
hyundai-ioniq5-2026,efficiency.cltc_kwh_per_100km,missing
hyundai-ioniq5-2026,body.curb_weight_lb,P
hyundai-ioniq5-2026,body.drag_coefficient,missing
hyundai-ioniq5-2026,body.length_in,P
hyundai-ioniq5-2026,body.width_in,P
hyundai-ioniq5-2026,body.height_in,P
hyundai-ioniq5-2026,body.wheelbase_in,P
hyundai-ioniq5-2026,chassis.front_suspension,missing
hyundai-ioniq5-2026,chassis.rear_suspension,missing
hyundai-ioniq5-2026,adas.sensor_suite,missing
hyundai-ioniq5-2026,adas.system_name,missing
hyundai-ioniq6-2025,identity.msrp_usd,P
hyundai-ioniq6-2025,powertrain.motor_count,missing
hyundai-ioniq6-2025,powertrain.drive_layout,P
hyundai-ioniq6-2025,powertrain.power_hp,P
hyundai-ioniq6-2025,powertrain.torque_lbft,P
hyundai-ioniq6-2025,powertrain.accel_0_60_s,missing
hyundai-ioniq6-2025,powertrain.motor_type,missing
hyundai-ioniq6-2025,powertrain.inverter_semiconductor,missing
hyundai-ioniq6-2025,battery.pack_kwh,P
hyundai-ioniq6-2025,battery.pack_kwh_basis,P
hyundai-ioniq6-2025,battery.system_voltage_v,missing
hyundai-ioniq6-2025,battery.cell_format,missing
hyundai-ioniq6-2025,battery.cell_chemistry,missing
hyundai-ioniq6-2025,battery.cell_supplier,missing
hyundai-ioniq6-2025,battery.module_count,missing
hyundai-ioniq6-2025,battery.structural_pack,missing
hyundai-ioniq6-2025,charging.port_type,missing
hyundai-ioniq6-2025,charging.peak_dc_kw,P
hyundai-ioniq6-2025,charging.onboard_ac_kw,P
hyundai-ioniq6-2025,charging.range_added_mi,missing
hyundai-ioniq6-2025,charging.range_added_time_min,missing
hyundai-ioniq6-2025,efficiency.epa_range_mi,P
hyundai-ioniq6-2025,efficiency.epa_kwh_per_100mi,P
hyundai-ioniq6-2025,efficiency.epa_mpge_combined,P
hyundai-ioniq6-2025,efficiency.cltc_range_km,missing
hyundai-ioniq6-2025,efficiency.cltc_kwh_per_100km,missing
hyundai-ioniq6-2025,body.curb_weight_lb,P
hyundai-ioniq6-2025,body.drag_coefficient,missing
hyundai-ioniq6-2025,body.length_in,P
hyundai-ioniq6-2025,body.width_in,P
hyundai-ioniq6-2025,body.height_in,P
hyundai-ioniq6-2025,body.wheelbase_in,P
hyundai-ioniq6-2025,chassis.front_suspension,missing
hyundai-ioniq6-2025,chassis.rear_suspension,missing
hyundai-ioniq6-2025,adas.sensor_suite,missing
hyundai-ioniq6-2025,adas.system_name,missing
kia-ev6-2026,identity.msrp_usd,P
kia-ev6-2026,powertrain.motor_count,missing
kia-ev6-2026,powertrain.drive_layout,P
kia-ev6-2026,powertrain.power_hp,P
kia-ev6-2026,powertrain.torque_lbft,P
kia-ev6-2026,powertrain.accel_0_60_s,P
kia-ev6-2026,powertrain.motor_type,missing
kia-ev6-2026,powertrain.inverter_semiconductor,missing
kia-ev6-2026,battery.pack_kwh,P
kia-ev6-2026,battery.pack_kwh_basis,P
kia-ev6-2026,battery.system_voltage_v,missing
kia-ev6-2026,battery.cell_format,missing
kia-ev6-2026,battery.cell_chemistry,missing
kia-ev6-2026,battery.cell_supplier,missing
kia-ev6-2026,battery.module_count,missing
kia-ev6-2026,battery.structural_pack,missing
kia-ev6-2026,charging.port_type,P
kia-ev6-2026,charging.peak_dc_kw,missing
kia-ev6-2026,charging.onboard_ac_kw,P
kia-ev6-2026,charging.range_added_mi,missing
kia-ev6-2026,charging.range_added_time_min,missing
kia-ev6-2026,efficiency.epa_range_mi,P
kia-ev6-2026,efficiency.epa_kwh_per_100mi,P
kia-ev6-2026,efficiency.epa_mpge_combined,P
kia-ev6-2026,efficiency.cltc_range_km,missing
kia-ev6-2026,efficiency.cltc_kwh_per_100km,missing
kia-ev6-2026,body.curb_weight_lb,P
kia-ev6-2026,body.drag_coefficient,missing
kia-ev6-2026,body.length_in,P
kia-ev6-2026,body.width_in,P
kia-ev6-2026,body.height_in,P
kia-ev6-2026,body.wheelbase_in,P
kia-ev6-2026,chassis.front_suspension,missing
kia-ev6-2026,chassis.rear_suspension,missing
kia-ev6-2026,adas.sensor_suite,missing
kia-ev6-2026,adas.system_name,missing
porsche-taycan-2026,identity.msrp_usd,P
porsche-taycan-2026,powertrain.motor_count,missing
porsche-taycan-2026,powertrain.drive_layout,P
porsche-taycan-2026,powertrain.power_hp,P
porsche-taycan-2026,powertrain.torque_lbft,P
porsche-taycan-2026,powertrain.accel_0_60_s,P
porsche-taycan-2026,powertrain.motor_type,missing
porsche-taycan-2026,powertrain.inverter_semiconductor,missing
porsche-taycan-2026,battery.pack_kwh,P
porsche-taycan-2026,battery.pack_kwh_basis,P
porsche-taycan-2026,battery.system_voltage_v,missing
porsche-taycan-2026,battery.cell_format,missing
porsche-taycan-2026,battery.cell_chemistry,missing
porsche-taycan-2026,battery.cell_supplier,missing
porsche-taycan-2026,battery.module_count,missing
porsche-taycan-2026,battery.structural_pack,missing
porsche-taycan-2026,charging.port_type,P
porsche-taycan-2026,charging.peak_dc_kw,P
porsche-taycan-2026,charging.onboard_ac_kw,P
porsche-taycan-2026,charging.range_added_mi,missing
porsche-taycan-2026,charging.range_added_time_min,missing
porsche-taycan-2026,efficiency.epa_range_mi,P
porsche-taycan-2026,efficiency.epa_kwh_per_100mi,P
porsche-taycan-2026,efficiency.epa_mpge_combined,P
porsche-taycan-2026,efficiency.cltc_range_km,missing
porsche-taycan-2026,efficiency.cltc_kwh_per_100km,missing
porsche-taycan-2026,body.curb_weight_lb,P
porsche-taycan-2026,body.drag_coefficient,missing
porsche-taycan-2026,body.length_in,P
porsche-taycan-2026,body.width_in,P
porsche-taycan-2026,body.height_in,P
porsche-taycan-2026,body.wheelbase_in,P
porsche-taycan-2026,chassis.front_suspension,missing
porsche-taycan-2026,chassis.rear_suspension,missing
porsche-taycan-2026,adas.sensor_suite,missing
porsche-taycan-2026,adas.system_name,missing
chevrolet-equinox-ev-2026,identity.msrp_usd,P
chevrolet-equinox-ev-2026,powertrain.motor_count,missing
chevrolet-equinox-ev-2026,powertrain.drive_layout,P
chevrolet-equinox-ev-2026,powertrain.power_hp,P
chevrolet-equinox-ev-2026,powertrain.torque_lbft,P
chevrolet-equinox-ev-2026,powertrain.accel_0_60_s,S
chevrolet-equinox-ev-2026,powertrain.motor_type,missing
chevrolet-equinox-ev-2026,powertrain.inverter_semiconductor,missing
chevrolet-equinox-ev-2026,battery.pack_kwh,P
chevrolet-equinox-ev-2026,battery.pack_kwh_basis,P
chevrolet-equinox-ev-2026,battery.system_voltage_v,missing
chevrolet-equinox-ev-2026,battery.cell_format,missing
chevrolet-equinox-ev-2026,battery.cell_chemistry,missing
chevrolet-equinox-ev-2026,battery.cell_supplier,missing
chevrolet-equinox-ev-2026,battery.module_count,missing
chevrolet-equinox-ev-2026,battery.structural_pack,missing
chevrolet-equinox-ev-2026,charging.port_type,P
chevrolet-equinox-ev-2026,charging.peak_dc_kw,P
chevrolet-equinox-ev-2026,charging.onboard_ac_kw,S
chevrolet-equinox-ev-2026,charging.range_added_mi,missing
chevrolet-equinox-ev-2026,charging.range_added_time_min,missing
chevrolet-equinox-ev-2026,efficiency.epa_range_mi,P
chevrolet-equinox-ev-2026,efficiency.epa_kwh_per_100mi,P
chevrolet-equinox-ev-2026,efficiency.epa_mpge_combined,P
chevrolet-equinox-ev-2026,efficiency.cltc_range_km,missing
chevrolet-equinox-ev-2026,efficiency.cltc_kwh_per_100km,missing
chevrolet-equinox-ev-2026,body.curb_weight_lb,S
chevrolet-equinox-ev-2026,body.drag_coefficient,missing
chevrolet-equinox-ev-2026,body.length_in,missing
chevrolet-equinox-ev-2026,body.width_in,S
chevrolet-equinox-ev-2026,body.height_in,missing
chevrolet-equinox-ev-2026,body.wheelbase_in,missing
chevrolet-equinox-ev-2026,chassis.front_suspension,missing
chevrolet-equinox-ev-2026,chassis.rear_suspension,missing
chevrolet-equinox-ev-2026,adas.sensor_suite,missing
chevrolet-equinox-ev-2026,adas.system_name,missing
cadillac-lyriq-2026,identity.msrp_usd,P
cadillac-lyriq-2026,powertrain.motor_count,missing
cadillac-lyriq-2026,powertrain.drive_layout,P
cadillac-lyriq-2026,powertrain.power_hp,P
cadillac-lyriq-2026,powertrain.torque_lbft,P
cadillac-lyriq-2026,powertrain.accel_0_60_s,missing
cadillac-lyriq-2026,powertrain.motor_type,missing
cadillac-lyriq-2026,powertrain.inverter_semiconductor,missing
cadillac-lyriq-2026,battery.pack_kwh,P
cadillac-lyriq-2026,battery.pack_kwh_basis,P
cadillac-lyriq-2026,battery.system_voltage_v,missing
cadillac-lyriq-2026,battery.cell_format,missing
cadillac-lyriq-2026,battery.cell_chemistry,missing
cadillac-lyriq-2026,battery.cell_supplier,missing
cadillac-lyriq-2026,battery.module_count,missing
cadillac-lyriq-2026,battery.structural_pack,missing
cadillac-lyriq-2026,charging.port_type,P
cadillac-lyriq-2026,charging.peak_dc_kw,P
cadillac-lyriq-2026,charging.onboard_ac_kw,P
cadillac-lyriq-2026,charging.range_added_mi,missing
cadillac-lyriq-2026,charging.range_added_time_min,missing
cadillac-lyriq-2026,efficiency.epa_range_mi,P
cadillac-lyriq-2026,efficiency.epa_kwh_per_100mi,P
cadillac-lyriq-2026,efficiency.epa_mpge_combined,P
cadillac-lyriq-2026,efficiency.cltc_range_km,missing
cadillac-lyriq-2026,efficiency.cltc_kwh_per_100km,missing
cadillac-lyriq-2026,body.curb_weight_lb,S
cadillac-lyriq-2026,body.drag_coefficient,missing
cadillac-lyriq-2026,body.length_in,P
cadillac-lyriq-2026,body.width_in,S
cadillac-lyriq-2026,body.height_in,P
cadillac-lyriq-2026,body.wheelbase_in,P
cadillac-lyriq-2026,chassis.front_suspension,missing
cadillac-lyriq-2026,chassis.rear_suspension,missing
cadillac-lyriq-2026,adas.sensor_suite,missing
cadillac-lyriq-2026,adas.system_name,missing
ford-mustang-mach-e-2026,identity.msrp_usd,P
ford-mustang-mach-e-2026,powertrain.motor_count,missing
ford-mustang-mach-e-2026,powertrain.drive_layout,P
ford-mustang-mach-e-2026,powertrain.power_hp,P
ford-mustang-mach-e-2026,powertrain.torque_lbft,P
ford-mustang-mach-e-2026,powertrain.accel_0_60_s,P
ford-mustang-mach-e-2026,powertrain.motor_type,missing
ford-mustang-mach-e-2026,powertrain.inverter_semiconductor,missing
ford-mustang-mach-e-2026,battery.pack_kwh,P
ford-mustang-mach-e-2026,battery.pack_kwh_basis,P
ford-mustang-mach-e-2026,battery.system_voltage_v,missing
ford-mustang-mach-e-2026,battery.cell_format,missing
ford-mustang-mach-e-2026,battery.cell_chemistry,missing
ford-mustang-mach-e-2026,battery.cell_supplier,missing
ford-mustang-mach-e-2026,battery.module_count,missing
ford-mustang-mach-e-2026,battery.structural_pack,missing
ford-mustang-mach-e-2026,charging.port_type,P
ford-mustang-mach-e-2026,charging.peak_dc_kw,S
ford-mustang-mach-e-2026,charging.onboard_ac_kw,S
ford-mustang-mach-e-2026,charging.range_added_mi,missing
ford-mustang-mach-e-2026,charging.range_added_time_min,missing
ford-mustang-mach-e-2026,efficiency.epa_range_mi,P
ford-mustang-mach-e-2026,efficiency.epa_kwh_per_100mi,P
ford-mustang-mach-e-2026,efficiency.epa_mpge_combined,P
ford-mustang-mach-e-2026,efficiency.cltc_range_km,missing
ford-mustang-mach-e-2026,efficiency.cltc_kwh_per_100km,missing
ford-mustang-mach-e-2026,body.curb_weight_lb,S
ford-mustang-mach-e-2026,body.drag_coefficient,missing
ford-mustang-mach-e-2026,body.length_in,P
ford-mustang-mach-e-2026,body.width_in,S
ford-mustang-mach-e-2026,body.height_in,P
ford-mustang-mach-e-2026,body.wheelbase_in,P
ford-mustang-mach-e-2026,chassis.front_suspension,missing
ford-mustang-mach-e-2026,chassis.rear_suspension,missing
ford-mustang-mach-e-2026,adas.sensor_suite,missing
ford-mustang-mach-e-2026,adas.system_name,missing
vw-id4-2026,identity.msrp_usd,P
vw-id4-2026,powertrain.motor_count,missing
vw-id4-2026,powertrain.drive_layout,P
vw-id4-2026,powertrain.power_hp,missing
vw-id4-2026,powertrain.torque_lbft,S
vw-id4-2026,powertrain.accel_0_60_s,S
vw-id4-2026,powertrain.motor_type,missing
vw-id4-2026,powertrain.inverter_semiconductor,missing
vw-id4-2026,battery.pack_kwh,S
vw-id4-2026,battery.pack_kwh_basis,S
vw-id4-2026,battery.system_voltage_v,missing
vw-id4-2026,battery.cell_format,missing
vw-id4-2026,battery.cell_chemistry,missing
vw-id4-2026,battery.cell_supplier,missing
vw-id4-2026,battery.module_count,missing
vw-id4-2026,battery.structural_pack,missing
vw-id4-2026,charging.port_type,P
vw-id4-2026,charging.peak_dc_kw,S
vw-id4-2026,charging.onboard_ac_kw,P
vw-id4-2026,charging.range_added_mi,missing
vw-id4-2026,charging.range_added_time_min,missing
vw-id4-2026,efficiency.epa_range_mi,P
vw-id4-2026,efficiency.epa_kwh_per_100mi,P
vw-id4-2026,efficiency.epa_mpge_combined,P
vw-id4-2026,efficiency.cltc_range_km,missing
vw-id4-2026,efficiency.cltc_kwh_per_100km,missing
vw-id4-2026,body.curb_weight_lb,S
vw-id4-2026,body.drag_coefficient,missing
vw-id4-2026,body.length_in,missing
vw-id4-2026,body.width_in,S
vw-id4-2026,body.height_in,missing
vw-id4-2026,body.wheelbase_in,missing
vw-id4-2026,chassis.front_suspension,missing
vw-id4-2026,chassis.rear_suspension,missing
vw-id4-2026,adas.sensor_suite,missing
vw-id4-2026,adas.system_name,missing
bmw-i4-2026,identity.msrp_usd,S
bmw-i4-2026,powertrain.motor_count,missing
bmw-i4-2026,powertrain.drive_layout,P
bmw-i4-2026,powertrain.power_hp,P
bmw-i4-2026,powertrain.torque_lbft,P
bmw-i4-2026,powertrain.accel_0_60_s,S
bmw-i4-2026,powertrain.motor_type,missing
bmw-i4-2026,powertrain.inverter_semiconductor,missing
bmw-i4-2026,battery.pack_kwh,P
bmw-i4-2026,battery.pack_kwh_basis,P
bmw-i4-2026,battery.system_voltage_v,missing
bmw-i4-2026,battery.cell_format,missing
bmw-i4-2026,battery.cell_chemistry,missing
bmw-i4-2026,battery.cell_supplier,missing
bmw-i4-2026,battery.module_count,missing
bmw-i4-2026,battery.structural_pack,missing
bmw-i4-2026,charging.port_type,missing
bmw-i4-2026,charging.peak_dc_kw,P
bmw-i4-2026,charging.onboard_ac_kw,P
bmw-i4-2026,charging.range_added_mi,missing
bmw-i4-2026,charging.range_added_time_min,missing
bmw-i4-2026,efficiency.epa_range_mi,P
bmw-i4-2026,efficiency.epa_kwh_per_100mi,P
bmw-i4-2026,efficiency.epa_mpge_combined,P
bmw-i4-2026,efficiency.cltc_range_km,missing
bmw-i4-2026,efficiency.cltc_kwh_per_100km,missing
bmw-i4-2026,body.curb_weight_lb,P
bmw-i4-2026,body.drag_coefficient,missing
bmw-i4-2026,body.length_in,missing
bmw-i4-2026,body.width_in,S
bmw-i4-2026,body.height_in,missing
bmw-i4-2026,body.wheelbase_in,missing
bmw-i4-2026,chassis.front_suspension,missing
bmw-i4-2026,chassis.rear_suspension,missing
bmw-i4-2026,adas.sensor_suite,missing
bmw-i4-2026,adas.system_name,missing
mercedes-cla-electric-2026,identity.msrp_usd,P
mercedes-cla-electric-2026,powertrain.motor_count,missing
mercedes-cla-electric-2026,powertrain.drive_layout,P
mercedes-cla-electric-2026,powertrain.power_hp,P
mercedes-cla-electric-2026,powertrain.torque_lbft,P
mercedes-cla-electric-2026,powertrain.accel_0_60_s,P
mercedes-cla-electric-2026,powertrain.motor_type,missing
mercedes-cla-electric-2026,powertrain.inverter_semiconductor,missing
mercedes-cla-electric-2026,battery.pack_kwh,P
mercedes-cla-electric-2026,battery.pack_kwh_basis,P
mercedes-cla-electric-2026,battery.system_voltage_v,missing
mercedes-cla-electric-2026,battery.cell_format,missing
mercedes-cla-electric-2026,battery.cell_chemistry,missing
mercedes-cla-electric-2026,battery.cell_supplier,missing
mercedes-cla-electric-2026,battery.module_count,missing
mercedes-cla-electric-2026,battery.structural_pack,missing
mercedes-cla-electric-2026,charging.port_type,P
mercedes-cla-electric-2026,charging.peak_dc_kw,P
mercedes-cla-electric-2026,charging.onboard_ac_kw,P
mercedes-cla-electric-2026,charging.range_added_mi,missing
mercedes-cla-electric-2026,charging.range_added_time_min,missing
mercedes-cla-electric-2026,efficiency.epa_range_mi,P
mercedes-cla-electric-2026,efficiency.epa_kwh_per_100mi,P
mercedes-cla-electric-2026,efficiency.epa_mpge_combined,P
mercedes-cla-electric-2026,efficiency.cltc_range_km,missing
mercedes-cla-electric-2026,efficiency.cltc_kwh_per_100km,missing
mercedes-cla-electric-2026,body.curb_weight_lb,P
mercedes-cla-electric-2026,body.drag_coefficient,missing
mercedes-cla-electric-2026,body.length_in,P
mercedes-cla-electric-2026,body.width_in,P
mercedes-cla-electric-2026,body.height_in,P
mercedes-cla-electric-2026,body.wheelbase_in,P
mercedes-cla-electric-2026,chassis.front_suspension,missing
mercedes-cla-electric-2026,chassis.rear_suspension,missing
mercedes-cla-electric-2026,adas.sensor_suite,missing
mercedes-cla-electric-2026,adas.system_name,missing
nissan-leaf-2026,identity.msrp_usd,P
nissan-leaf-2026,powertrain.motor_count,missing
nissan-leaf-2026,powertrain.drive_layout,P
nissan-leaf-2026,powertrain.power_hp,P
nissan-leaf-2026,powertrain.torque_lbft,P
nissan-leaf-2026,powertrain.accel_0_60_s,S
nissan-leaf-2026,powertrain.motor_type,missing
nissan-leaf-2026,powertrain.inverter_semiconductor,missing
nissan-leaf-2026,battery.pack_kwh,P
nissan-leaf-2026,battery.pack_kwh_basis,P
nissan-leaf-2026,battery.system_voltage_v,missing
nissan-leaf-2026,battery.cell_format,missing
nissan-leaf-2026,battery.cell_chemistry,missing
nissan-leaf-2026,battery.cell_supplier,missing
nissan-leaf-2026,battery.module_count,missing
nissan-leaf-2026,battery.structural_pack,missing
nissan-leaf-2026,charging.port_type,P
nissan-leaf-2026,charging.peak_dc_kw,P
nissan-leaf-2026,charging.onboard_ac_kw,P
nissan-leaf-2026,charging.range_added_mi,missing
nissan-leaf-2026,charging.range_added_time_min,missing
nissan-leaf-2026,efficiency.epa_range_mi,P
nissan-leaf-2026,efficiency.epa_kwh_per_100mi,P
nissan-leaf-2026,efficiency.epa_mpge_combined,P
nissan-leaf-2026,efficiency.cltc_range_km,missing
nissan-leaf-2026,efficiency.cltc_kwh_per_100km,missing
nissan-leaf-2026,body.curb_weight_lb,P
nissan-leaf-2026,body.drag_coefficient,missing
nissan-leaf-2026,body.length_in,P
nissan-leaf-2026,body.width_in,P
nissan-leaf-2026,body.height_in,P
nissan-leaf-2026,body.wheelbase_in,P
nissan-leaf-2026,chassis.front_suspension,missing
nissan-leaf-2026,chassis.rear_suspension,missing
nissan-leaf-2026,adas.sensor_suite,missing
nissan-leaf-2026,adas.system_name,missing
chevrolet-bolt-2027,identity.msrp_usd,P
chevrolet-bolt-2027,powertrain.motor_count,missing
chevrolet-bolt-2027,powertrain.drive_layout,P
chevrolet-bolt-2027,powertrain.power_hp,P
chevrolet-bolt-2027,powertrain.torque_lbft,P
chevrolet-bolt-2027,powertrain.accel_0_60_s,S
chevrolet-bolt-2027,powertrain.motor_type,missing
chevrolet-bolt-2027,powertrain.inverter_semiconductor,missing
chevrolet-bolt-2027,battery.pack_kwh,P
chevrolet-bolt-2027,battery.pack_kwh_basis,P
chevrolet-bolt-2027,battery.system_voltage_v,missing
chevrolet-bolt-2027,battery.cell_format,missing
chevrolet-bolt-2027,battery.cell_chemistry,missing
chevrolet-bolt-2027,battery.cell_supplier,missing
chevrolet-bolt-2027,battery.module_count,missing
chevrolet-bolt-2027,battery.structural_pack,missing
chevrolet-bolt-2027,charging.port_type,P
chevrolet-bolt-2027,charging.peak_dc_kw,P
chevrolet-bolt-2027,charging.onboard_ac_kw,P
chevrolet-bolt-2027,charging.range_added_mi,missing
chevrolet-bolt-2027,charging.range_added_time_min,missing
chevrolet-bolt-2027,efficiency.epa_range_mi,P
chevrolet-bolt-2027,efficiency.epa_kwh_per_100mi,P
chevrolet-bolt-2027,efficiency.epa_mpge_combined,P
chevrolet-bolt-2027,efficiency.cltc_range_km,missing
chevrolet-bolt-2027,efficiency.cltc_kwh_per_100km,missing
chevrolet-bolt-2027,body.curb_weight_lb,P
chevrolet-bolt-2027,body.drag_coefficient,missing
chevrolet-bolt-2027,body.length_in,P
chevrolet-bolt-2027,body.width_in,P
chevrolet-bolt-2027,body.height_in,P
chevrolet-bolt-2027,body.wheelbase_in,P
chevrolet-bolt-2027,chassis.front_suspension,missing
chevrolet-bolt-2027,chassis.rear_suspension,missing
chevrolet-bolt-2027,adas.sensor_suite,missing
chevrolet-bolt-2027,adas.system_name,missing
volvo-ex30-2026,identity.msrp_usd,P
volvo-ex30-2026,powertrain.motor_count,missing
volvo-ex30-2026,powertrain.drive_layout,P
volvo-ex30-2026,powertrain.power_hp,P
volvo-ex30-2026,powertrain.torque_lbft,P
volvo-ex30-2026,powertrain.accel_0_60_s,P
volvo-ex30-2026,powertrain.motor_type,missing
volvo-ex30-2026,powertrain.inverter_semiconductor,missing
volvo-ex30-2026,battery.pack_kwh,P
volvo-ex30-2026,battery.pack_kwh_basis,P
volvo-ex30-2026,battery.system_voltage_v,missing
volvo-ex30-2026,battery.cell_format,missing
volvo-ex30-2026,battery.cell_chemistry,missing
volvo-ex30-2026,battery.cell_supplier,missing
volvo-ex30-2026,battery.module_count,missing
volvo-ex30-2026,battery.structural_pack,missing
volvo-ex30-2026,charging.port_type,P
volvo-ex30-2026,charging.peak_dc_kw,P
volvo-ex30-2026,charging.onboard_ac_kw,P
volvo-ex30-2026,charging.range_added_mi,missing
volvo-ex30-2026,charging.range_added_time_min,missing
volvo-ex30-2026,efficiency.epa_range_mi,P
volvo-ex30-2026,efficiency.epa_kwh_per_100mi,P
volvo-ex30-2026,efficiency.epa_mpge_combined,P
volvo-ex30-2026,efficiency.cltc_range_km,missing
volvo-ex30-2026,efficiency.cltc_kwh_per_100km,missing
volvo-ex30-2026,body.curb_weight_lb,P
volvo-ex30-2026,body.drag_coefficient,missing
volvo-ex30-2026,body.length_in,P
volvo-ex30-2026,body.width_in,P
volvo-ex30-2026,body.height_in,P
volvo-ex30-2026,body.wheelbase_in,P
volvo-ex30-2026,chassis.front_suspension,missing
volvo-ex30-2026,chassis.rear_suspension,missing
volvo-ex30-2026,adas.sensor_suite,missing
volvo-ex30-2026,adas.system_name,missing
genesis-gv60-rwd-2026,identity.msrp_usd,P
genesis-gv60-rwd-2026,powertrain.motor_count,missing
genesis-gv60-rwd-2026,powertrain.drive_layout,P
genesis-gv60-rwd-2026,powertrain.power_hp,P
genesis-gv60-rwd-2026,powertrain.torque_lbft,P
genesis-gv60-rwd-2026,powertrain.accel_0_60_s,missing
genesis-gv60-rwd-2026,powertrain.motor_type,missing
genesis-gv60-rwd-2026,powertrain.inverter_semiconductor,missing
genesis-gv60-rwd-2026,battery.pack_kwh,P
genesis-gv60-rwd-2026,battery.pack_kwh_basis,P
genesis-gv60-rwd-2026,battery.system_voltage_v,missing
genesis-gv60-rwd-2026,battery.cell_format,missing
genesis-gv60-rwd-2026,battery.cell_chemistry,missing
genesis-gv60-rwd-2026,battery.cell_supplier,missing
genesis-gv60-rwd-2026,battery.module_count,missing
genesis-gv60-rwd-2026,battery.structural_pack,missing
genesis-gv60-rwd-2026,charging.port_type,P
genesis-gv60-rwd-2026,charging.peak_dc_kw,P
genesis-gv60-rwd-2026,charging.onboard_ac_kw,P
genesis-gv60-rwd-2026,charging.range_added_mi,missing
genesis-gv60-rwd-2026,charging.range_added_time_min,missing
genesis-gv60-rwd-2026,efficiency.epa_range_mi,P
genesis-gv60-rwd-2026,efficiency.epa_kwh_per_100mi,P
genesis-gv60-rwd-2026,efficiency.epa_mpge_combined,P
genesis-gv60-rwd-2026,efficiency.cltc_range_km,missing
genesis-gv60-rwd-2026,efficiency.cltc_kwh_per_100km,missing
genesis-gv60-rwd-2026,body.curb_weight_lb,S
genesis-gv60-rwd-2026,body.drag_coefficient,missing
genesis-gv60-rwd-2026,body.length_in,missing
genesis-gv60-rwd-2026,body.width_in,P
genesis-gv60-rwd-2026,body.height_in,missing
genesis-gv60-rwd-2026,body.wheelbase_in,missing
genesis-gv60-rwd-2026,chassis.front_suspension,missing
genesis-gv60-rwd-2026,chassis.rear_suspension,missing
genesis-gv60-rwd-2026,adas.sensor_suite,missing
genesis-gv60-rwd-2026,adas.system_name,missing
polestar-2-single-motor-2025,identity.msrp_usd,missing
polestar-2-single-motor-2025,powertrain.motor_count,missing
polestar-2-single-motor-2025,powertrain.drive_layout,P
polestar-2-single-motor-2025,powertrain.power_hp,S
polestar-2-single-motor-2025,powertrain.torque_lbft,S
polestar-2-single-motor-2025,powertrain.accel_0_60_s,S
polestar-2-single-motor-2025,powertrain.motor_type,missing
polestar-2-single-motor-2025,powertrain.inverter_semiconductor,missing
polestar-2-single-motor-2025,battery.pack_kwh,P
polestar-2-single-motor-2025,battery.pack_kwh_basis,P
polestar-2-single-motor-2025,battery.system_voltage_v,missing
polestar-2-single-motor-2025,battery.cell_format,missing
polestar-2-single-motor-2025,battery.cell_chemistry,missing
polestar-2-single-motor-2025,battery.cell_supplier,missing
polestar-2-single-motor-2025,battery.module_count,missing
polestar-2-single-motor-2025,battery.structural_pack,missing
polestar-2-single-motor-2025,charging.port_type,missing
polestar-2-single-motor-2025,charging.peak_dc_kw,S
polestar-2-single-motor-2025,charging.onboard_ac_kw,S
polestar-2-single-motor-2025,charging.range_added_mi,missing
polestar-2-single-motor-2025,charging.range_added_time_min,missing
polestar-2-single-motor-2025,efficiency.epa_range_mi,P
polestar-2-single-motor-2025,efficiency.epa_kwh_per_100mi,P
polestar-2-single-motor-2025,efficiency.epa_mpge_combined,P
polestar-2-single-motor-2025,efficiency.cltc_range_km,missing
polestar-2-single-motor-2025,efficiency.cltc_kwh_per_100km,missing
polestar-2-single-motor-2025,body.curb_weight_lb,S
polestar-2-single-motor-2025,body.drag_coefficient,missing
polestar-2-single-motor-2025,body.length_in,missing
polestar-2-single-motor-2025,body.width_in,S
polestar-2-single-motor-2025,body.height_in,missing
polestar-2-single-motor-2025,body.wheelbase_in,missing
polestar-2-single-motor-2025,chassis.front_suspension,missing
polestar-2-single-motor-2025,chassis.rear_suspension,missing
polestar-2-single-motor-2025,adas.sensor_suite,missing
polestar-2-single-motor-2025,adas.system_name,missing
honda-prologue-fwd-2026,identity.msrp_usd,P
honda-prologue-fwd-2026,powertrain.motor_count,missing
honda-prologue-fwd-2026,powertrain.drive_layout,P
honda-prologue-fwd-2026,powertrain.power_hp,P
honda-prologue-fwd-2026,powertrain.torque_lbft,P
honda-prologue-fwd-2026,powertrain.accel_0_60_s,missing
honda-prologue-fwd-2026,powertrain.motor_type,missing
honda-prologue-fwd-2026,powertrain.inverter_semiconductor,missing
honda-prologue-fwd-2026,battery.pack_kwh,P
honda-prologue-fwd-2026,battery.pack_kwh_basis,P
honda-prologue-fwd-2026,battery.system_voltage_v,missing
honda-prologue-fwd-2026,battery.cell_format,missing
honda-prologue-fwd-2026,battery.cell_chemistry,missing
honda-prologue-fwd-2026,battery.cell_supplier,missing
honda-prologue-fwd-2026,battery.module_count,missing
honda-prologue-fwd-2026,battery.structural_pack,missing
honda-prologue-fwd-2026,charging.port_type,P
honda-prologue-fwd-2026,charging.peak_dc_kw,S
honda-prologue-fwd-2026,charging.onboard_ac_kw,missing
honda-prologue-fwd-2026,charging.range_added_mi,missing
honda-prologue-fwd-2026,charging.range_added_time_min,missing
honda-prologue-fwd-2026,efficiency.epa_range_mi,P
honda-prologue-fwd-2026,efficiency.epa_kwh_per_100mi,P
honda-prologue-fwd-2026,efficiency.epa_mpge_combined,P
honda-prologue-fwd-2026,efficiency.cltc_range_km,missing
honda-prologue-fwd-2026,efficiency.cltc_kwh_per_100km,missing
honda-prologue-fwd-2026,body.curb_weight_lb,P
honda-prologue-fwd-2026,body.drag_coefficient,missing
honda-prologue-fwd-2026,body.length_in,missing
honda-prologue-fwd-2026,body.width_in,P
honda-prologue-fwd-2026,body.height_in,missing
honda-prologue-fwd-2026,body.wheelbase_in,missing
honda-prologue-fwd-2026,chassis.front_suspension,missing
honda-prologue-fwd-2026,chassis.rear_suspension,missing
honda-prologue-fwd-2026,adas.sensor_suite,missing
honda-prologue-fwd-2026,adas.system_name,missing
bmw-ix3-50-xdrive-2027,identity.msrp_usd,P
bmw-ix3-50-xdrive-2027,powertrain.motor_count,missing
bmw-ix3-50-xdrive-2027,powertrain.drive_layout,P
bmw-ix3-50-xdrive-2027,powertrain.power_hp,P
bmw-ix3-50-xdrive-2027,powertrain.torque_lbft,P
bmw-ix3-50-xdrive-2027,powertrain.accel_0_60_s,P
bmw-ix3-50-xdrive-2027,powertrain.motor_type,missing
bmw-ix3-50-xdrive-2027,powertrain.inverter_semiconductor,missing
bmw-ix3-50-xdrive-2027,battery.pack_kwh,P
bmw-ix3-50-xdrive-2027,battery.pack_kwh_basis,P
bmw-ix3-50-xdrive-2027,battery.system_voltage_v,missing
bmw-ix3-50-xdrive-2027,battery.cell_format,missing
bmw-ix3-50-xdrive-2027,battery.cell_chemistry,missing
bmw-ix3-50-xdrive-2027,battery.cell_supplier,missing
bmw-ix3-50-xdrive-2027,battery.module_count,missing
bmw-ix3-50-xdrive-2027,battery.structural_pack,missing
bmw-ix3-50-xdrive-2027,charging.port_type,P
bmw-ix3-50-xdrive-2027,charging.peak_dc_kw,P
bmw-ix3-50-xdrive-2027,charging.onboard_ac_kw,P
bmw-ix3-50-xdrive-2027,charging.range_added_mi,missing
bmw-ix3-50-xdrive-2027,charging.range_added_time_min,missing
bmw-ix3-50-xdrive-2027,efficiency.epa_range_mi,P
bmw-ix3-50-xdrive-2027,efficiency.epa_kwh_per_100mi,P
bmw-ix3-50-xdrive-2027,efficiency.epa_mpge_combined,P
bmw-ix3-50-xdrive-2027,efficiency.cltc_range_km,missing
bmw-ix3-50-xdrive-2027,efficiency.cltc_kwh_per_100km,missing
bmw-ix3-50-xdrive-2027,body.curb_weight_lb,P
bmw-ix3-50-xdrive-2027,body.drag_coefficient,missing
bmw-ix3-50-xdrive-2027,body.length_in,P
bmw-ix3-50-xdrive-2027,body.width_in,P
bmw-ix3-50-xdrive-2027,body.height_in,P
bmw-ix3-50-xdrive-2027,body.wheelbase_in,P
bmw-ix3-50-xdrive-2027,chassis.front_suspension,missing
bmw-ix3-50-xdrive-2027,chassis.rear_suspension,missing
bmw-ix3-50-xdrive-2027,adas.sensor_suite,missing
bmw-ix3-50-xdrive-2027,adas.system_name,missing
toyota-bz-fwd-2026,identity.msrp_usd,P
toyota-bz-fwd-2026,powertrain.motor_count,missing
toyota-bz-fwd-2026,powertrain.drive_layout,P
toyota-bz-fwd-2026,powertrain.power_hp,P
toyota-bz-fwd-2026,powertrain.torque_lbft,S
toyota-bz-fwd-2026,powertrain.accel_0_60_s,missing
toyota-bz-fwd-2026,powertrain.motor_type,missing
toyota-bz-fwd-2026,powertrain.inverter_semiconductor,missing
toyota-bz-fwd-2026,battery.pack_kwh,P
toyota-bz-fwd-2026,battery.pack_kwh_basis,P
toyota-bz-fwd-2026,battery.system_voltage_v,missing
toyota-bz-fwd-2026,battery.cell_format,missing
toyota-bz-fwd-2026,battery.cell_chemistry,missing
toyota-bz-fwd-2026,battery.cell_supplier,missing
toyota-bz-fwd-2026,battery.module_count,missing
toyota-bz-fwd-2026,battery.structural_pack,missing
toyota-bz-fwd-2026,charging.port_type,P
toyota-bz-fwd-2026,charging.peak_dc_kw,missing
toyota-bz-fwd-2026,charging.onboard_ac_kw,P
toyota-bz-fwd-2026,charging.range_added_mi,missing
toyota-bz-fwd-2026,charging.range_added_time_min,missing
toyota-bz-fwd-2026,efficiency.epa_range_mi,P
toyota-bz-fwd-2026,efficiency.epa_kwh_per_100mi,P
toyota-bz-fwd-2026,efficiency.epa_mpge_combined,P
toyota-bz-fwd-2026,efficiency.cltc_range_km,missing
toyota-bz-fwd-2026,efficiency.cltc_kwh_per_100km,missing
toyota-bz-fwd-2026,body.curb_weight_lb,S
toyota-bz-fwd-2026,body.drag_coefficient,missing
toyota-bz-fwd-2026,body.length_in,missing
toyota-bz-fwd-2026,body.width_in,P
toyota-bz-fwd-2026,body.height_in,missing
toyota-bz-fwd-2026,body.wheelbase_in,missing
toyota-bz-fwd-2026,chassis.front_suspension,missing
toyota-bz-fwd-2026,chassis.rear_suspension,missing
toyota-bz-fwd-2026,adas.sensor_suite,missing
toyota-bz-fwd-2026,adas.system_name,missing
audi-q4-45-etron-2026,identity.msrp_usd,P
audi-q4-45-etron-2026,powertrain.motor_count,missing
audi-q4-45-etron-2026,powertrain.drive_layout,P
audi-q4-45-etron-2026,powertrain.power_hp,P
audi-q4-45-etron-2026,powertrain.torque_lbft,P
audi-q4-45-etron-2026,powertrain.accel_0_60_s,S
audi-q4-45-etron-2026,powertrain.motor_type,missing
audi-q4-45-etron-2026,powertrain.inverter_semiconductor,missing
audi-q4-45-etron-2026,battery.pack_kwh,P
audi-q4-45-etron-2026,battery.pack_kwh_basis,P
audi-q4-45-etron-2026,battery.system_voltage_v,missing
audi-q4-45-etron-2026,battery.cell_format,missing
audi-q4-45-etron-2026,battery.cell_chemistry,missing
audi-q4-45-etron-2026,battery.cell_supplier,missing
audi-q4-45-etron-2026,battery.module_count,missing
audi-q4-45-etron-2026,battery.structural_pack,missing
audi-q4-45-etron-2026,charging.port_type,missing
audi-q4-45-etron-2026,charging.peak_dc_kw,P
audi-q4-45-etron-2026,charging.onboard_ac_kw,P
audi-q4-45-etron-2026,charging.range_added_mi,missing
audi-q4-45-etron-2026,charging.range_added_time_min,missing
audi-q4-45-etron-2026,efficiency.epa_range_mi,P
audi-q4-45-etron-2026,efficiency.epa_kwh_per_100mi,P
audi-q4-45-etron-2026,efficiency.epa_mpge_combined,P
audi-q4-45-etron-2026,efficiency.cltc_range_km,missing
audi-q4-45-etron-2026,efficiency.cltc_kwh_per_100km,missing
audi-q4-45-etron-2026,body.curb_weight_lb,P
audi-q4-45-etron-2026,body.drag_coefficient,missing
audi-q4-45-etron-2026,body.length_in,missing
audi-q4-45-etron-2026,body.width_in,P
audi-q4-45-etron-2026,body.height_in,missing
audi-q4-45-etron-2026,body.wheelbase_in,missing
audi-q4-45-etron-2026,chassis.front_suspension,missing
audi-q4-45-etron-2026,chassis.rear_suspension,missing
audi-q4-45-etron-2026,adas.sensor_suite,missing
audi-q4-45-etron-2026,adas.system_name,missing
subaru-solterra-awd-2026,identity.msrp_usd,P
subaru-solterra-awd-2026,powertrain.motor_count,missing
subaru-solterra-awd-2026,powertrain.drive_layout,P
subaru-solterra-awd-2026,powertrain.power_hp,P
subaru-solterra-awd-2026,powertrain.torque_lbft,P
subaru-solterra-awd-2026,powertrain.accel_0_60_s,missing
subaru-solterra-awd-2026,powertrain.motor_type,missing
subaru-solterra-awd-2026,powertrain.inverter_semiconductor,missing
subaru-solterra-awd-2026,battery.pack_kwh,P
subaru-solterra-awd-2026,battery.pack_kwh_basis,P
subaru-solterra-awd-2026,battery.system_voltage_v,missing
subaru-solterra-awd-2026,battery.cell_format,missing
subaru-solterra-awd-2026,battery.cell_chemistry,missing
subaru-solterra-awd-2026,battery.cell_supplier,missing
subaru-solterra-awd-2026,battery.module_count,missing
subaru-solterra-awd-2026,battery.structural_pack,missing
subaru-solterra-awd-2026,charging.port_type,P
subaru-solterra-awd-2026,charging.peak_dc_kw,P
subaru-solterra-awd-2026,charging.onboard_ac_kw,P
subaru-solterra-awd-2026,charging.range_added_mi,missing
subaru-solterra-awd-2026,charging.range_added_time_min,missing
subaru-solterra-awd-2026,efficiency.epa_range_mi,P
subaru-solterra-awd-2026,efficiency.epa_kwh_per_100mi,P
subaru-solterra-awd-2026,efficiency.epa_mpge_combined,P
subaru-solterra-awd-2026,efficiency.cltc_range_km,missing
subaru-solterra-awd-2026,efficiency.cltc_kwh_per_100km,missing
subaru-solterra-awd-2026,body.curb_weight_lb,P
subaru-solterra-awd-2026,body.drag_coefficient,missing
subaru-solterra-awd-2026,body.length_in,P
subaru-solterra-awd-2026,body.width_in,P
subaru-solterra-awd-2026,body.height_in,P
subaru-solterra-awd-2026,body.wheelbase_in,P
subaru-solterra-awd-2026,chassis.front_suspension,missing
subaru-solterra-awd-2026,chassis.rear_suspension,missing
subaru-solterra-awd-2026,adas.sensor_suite,missing
subaru-solterra-awd-2026,adas.system_name,missing
jeep-wagoneer-s-awd-2026,identity.msrp_usd,missing
jeep-wagoneer-s-awd-2026,powertrain.motor_count,missing
jeep-wagoneer-s-awd-2026,powertrain.drive_layout,P
jeep-wagoneer-s-awd-2026,powertrain.power_hp,P
jeep-wagoneer-s-awd-2026,powertrain.torque_lbft,P
jeep-wagoneer-s-awd-2026,powertrain.accel_0_60_s,P
jeep-wagoneer-s-awd-2026,powertrain.motor_type,missing
jeep-wagoneer-s-awd-2026,powertrain.inverter_semiconductor,missing
jeep-wagoneer-s-awd-2026,battery.pack_kwh,P
jeep-wagoneer-s-awd-2026,battery.pack_kwh_basis,P
jeep-wagoneer-s-awd-2026,battery.system_voltage_v,missing
jeep-wagoneer-s-awd-2026,battery.cell_format,missing
jeep-wagoneer-s-awd-2026,battery.cell_chemistry,missing
jeep-wagoneer-s-awd-2026,battery.cell_supplier,missing
jeep-wagoneer-s-awd-2026,battery.module_count,missing
jeep-wagoneer-s-awd-2026,battery.structural_pack,missing
jeep-wagoneer-s-awd-2026,charging.port_type,missing
jeep-wagoneer-s-awd-2026,charging.peak_dc_kw,missing
jeep-wagoneer-s-awd-2026,charging.onboard_ac_kw,missing
jeep-wagoneer-s-awd-2026,charging.range_added_mi,missing
jeep-wagoneer-s-awd-2026,charging.range_added_time_min,missing
jeep-wagoneer-s-awd-2026,efficiency.epa_range_mi,P
jeep-wagoneer-s-awd-2026,efficiency.epa_kwh_per_100mi,P
jeep-wagoneer-s-awd-2026,efficiency.epa_mpge_combined,P
jeep-wagoneer-s-awd-2026,efficiency.cltc_range_km,missing
jeep-wagoneer-s-awd-2026,efficiency.cltc_kwh_per_100km,missing
jeep-wagoneer-s-awd-2026,body.curb_weight_lb,P
jeep-wagoneer-s-awd-2026,body.drag_coefficient,P
jeep-wagoneer-s-awd-2026,body.length_in,P
jeep-wagoneer-s-awd-2026,body.width_in,P
jeep-wagoneer-s-awd-2026,body.height_in,P
jeep-wagoneer-s-awd-2026,body.wheelbase_in,P
jeep-wagoneer-s-awd-2026,chassis.front_suspension,missing
jeep-wagoneer-s-awd-2026,chassis.rear_suspension,missing
jeep-wagoneer-s-awd-2026,adas.sensor_suite,missing
jeep-wagoneer-s-awd-2026,adas.system_name,missing
lexus-rz-350e-fwd-2026,identity.msrp_usd,P
lexus-rz-350e-fwd-2026,powertrain.motor_count,P
lexus-rz-350e-fwd-2026,powertrain.drive_layout,P
lexus-rz-350e-fwd-2026,powertrain.power_hp,P
lexus-rz-350e-fwd-2026,powertrain.torque_lbft,P
lexus-rz-350e-fwd-2026,powertrain.accel_0_60_s,S
lexus-rz-350e-fwd-2026,powertrain.motor_type,missing
lexus-rz-350e-fwd-2026,powertrain.inverter_semiconductor,missing
lexus-rz-350e-fwd-2026,battery.pack_kwh,P
lexus-rz-350e-fwd-2026,battery.pack_kwh_basis,P
lexus-rz-350e-fwd-2026,battery.system_voltage_v,missing
lexus-rz-350e-fwd-2026,battery.cell_format,missing
lexus-rz-350e-fwd-2026,battery.cell_chemistry,missing
lexus-rz-350e-fwd-2026,battery.cell_supplier,missing
lexus-rz-350e-fwd-2026,battery.module_count,missing
lexus-rz-350e-fwd-2026,battery.structural_pack,missing
lexus-rz-350e-fwd-2026,charging.port_type,P
lexus-rz-350e-fwd-2026,charging.peak_dc_kw,S
lexus-rz-350e-fwd-2026,charging.onboard_ac_kw,P
lexus-rz-350e-fwd-2026,charging.range_added_mi,missing
lexus-rz-350e-fwd-2026,charging.range_added_time_min,missing
lexus-rz-350e-fwd-2026,efficiency.epa_range_mi,P
lexus-rz-350e-fwd-2026,efficiency.epa_kwh_per_100mi,P
lexus-rz-350e-fwd-2026,efficiency.epa_mpge_combined,P
lexus-rz-350e-fwd-2026,efficiency.cltc_range_km,missing
lexus-rz-350e-fwd-2026,efficiency.cltc_kwh_per_100km,missing
lexus-rz-350e-fwd-2026,body.curb_weight_lb,S
lexus-rz-350e-fwd-2026,body.drag_coefficient,missing
lexus-rz-350e-fwd-2026,body.length_in,missing
lexus-rz-350e-fwd-2026,body.width_in,P
lexus-rz-350e-fwd-2026,body.height_in,missing
lexus-rz-350e-fwd-2026,body.wheelbase_in,missing
lexus-rz-350e-fwd-2026,chassis.front_suspension,missing
lexus-rz-350e-fwd-2026,chassis.rear_suspension,missing
lexus-rz-350e-fwd-2026,adas.sensor_suite,missing
lexus-rz-350e-fwd-2026,adas.system_name,missing
gmc-sierra-ev-std-range-2026,identity.msrp_usd,P
gmc-sierra-ev-std-range-2026,powertrain.motor_count,P
gmc-sierra-ev-std-range-2026,powertrain.drive_layout,P
gmc-sierra-ev-std-range-2026,powertrain.power_hp,P
gmc-sierra-ev-std-range-2026,powertrain.torque_lbft,S
gmc-sierra-ev-std-range-2026,powertrain.accel_0_60_s,missing
gmc-sierra-ev-std-range-2026,powertrain.motor_type,missing
gmc-sierra-ev-std-range-2026,powertrain.inverter_semiconductor,missing
gmc-sierra-ev-std-range-2026,battery.pack_kwh,S
gmc-sierra-ev-std-range-2026,battery.pack_kwh_basis,S
gmc-sierra-ev-std-range-2026,battery.system_voltage_v,missing
gmc-sierra-ev-std-range-2026,battery.cell_format,missing
gmc-sierra-ev-std-range-2026,battery.cell_chemistry,missing
gmc-sierra-ev-std-range-2026,battery.cell_supplier,missing
gmc-sierra-ev-std-range-2026,battery.module_count,missing
gmc-sierra-ev-std-range-2026,battery.structural_pack,missing
gmc-sierra-ev-std-range-2026,charging.port_type,missing
gmc-sierra-ev-std-range-2026,charging.peak_dc_kw,P
gmc-sierra-ev-std-range-2026,charging.onboard_ac_kw,P
gmc-sierra-ev-std-range-2026,charging.range_added_mi,missing
gmc-sierra-ev-std-range-2026,charging.range_added_time_min,missing
gmc-sierra-ev-std-range-2026,efficiency.epa_range_mi,P
gmc-sierra-ev-std-range-2026,efficiency.epa_kwh_per_100mi,P
gmc-sierra-ev-std-range-2026,efficiency.epa_mpge_combined,P
gmc-sierra-ev-std-range-2026,efficiency.cltc_range_km,missing
gmc-sierra-ev-std-range-2026,efficiency.cltc_kwh_per_100km,missing
gmc-sierra-ev-std-range-2026,body.curb_weight_lb,S
gmc-sierra-ev-std-range-2026,body.drag_coefficient,missing
gmc-sierra-ev-std-range-2026,body.length_in,P
gmc-sierra-ev-std-range-2026,body.width_in,P
gmc-sierra-ev-std-range-2026,body.height_in,P
gmc-sierra-ev-std-range-2026,body.wheelbase_in,P
gmc-sierra-ev-std-range-2026,chassis.front_suspension,missing
gmc-sierra-ev-std-range-2026,chassis.rear_suspension,missing
gmc-sierra-ev-std-range-2026,adas.sensor_suite,missing
gmc-sierra-ev-std-range-2026,adas.system_name,missing
mini-countryman-se-all4-2026,identity.msrp_usd,P
mini-countryman-se-all4-2026,powertrain.motor_count,missing
mini-countryman-se-all4-2026,powertrain.drive_layout,P
mini-countryman-se-all4-2026,powertrain.power_hp,P
mini-countryman-se-all4-2026,powertrain.torque_lbft,P
mini-countryman-se-all4-2026,powertrain.accel_0_60_s,P
mini-countryman-se-all4-2026,powertrain.motor_type,missing
mini-countryman-se-all4-2026,powertrain.inverter_semiconductor,missing
mini-countryman-se-all4-2026,battery.pack_kwh,P
mini-countryman-se-all4-2026,battery.pack_kwh_basis,P
mini-countryman-se-all4-2026,battery.system_voltage_v,missing
mini-countryman-se-all4-2026,battery.cell_format,missing
mini-countryman-se-all4-2026,battery.cell_chemistry,missing
mini-countryman-se-all4-2026,battery.cell_supplier,missing
mini-countryman-se-all4-2026,battery.module_count,missing
mini-countryman-se-all4-2026,battery.structural_pack,missing
mini-countryman-se-all4-2026,charging.port_type,missing
mini-countryman-se-all4-2026,charging.peak_dc_kw,P
mini-countryman-se-all4-2026,charging.onboard_ac_kw,P
mini-countryman-se-all4-2026,charging.range_added_mi,missing
mini-countryman-se-all4-2026,charging.range_added_time_min,missing
mini-countryman-se-all4-2026,efficiency.epa_range_mi,P
mini-countryman-se-all4-2026,efficiency.epa_kwh_per_100mi,P
mini-countryman-se-all4-2026,efficiency.epa_mpge_combined,P
mini-countryman-se-all4-2026,efficiency.cltc_range_km,missing
mini-countryman-se-all4-2026,efficiency.cltc_kwh_per_100km,missing
mini-countryman-se-all4-2026,body.curb_weight_lb,missing
mini-countryman-se-all4-2026,body.drag_coefficient,missing
mini-countryman-se-all4-2026,body.length_in,P
mini-countryman-se-all4-2026,body.width_in,missing
mini-countryman-se-all4-2026,body.height_in,P
mini-countryman-se-all4-2026,body.wheelbase_in,P
mini-countryman-se-all4-2026,chassis.front_suspension,missing
mini-countryman-se-all4-2026,chassis.rear_suspension,missing
mini-countryman-se-all4-2026,adas.sensor_suite,missing
mini-countryman-se-all4-2026,adas.system_name,missing
dodge-charger-daytona-rt-awd-2026,identity.msrp_usd,missing
dodge-charger-daytona-rt-awd-2026,powertrain.motor_count,P
dodge-charger-daytona-rt-awd-2026,powertrain.drive_layout,P
dodge-charger-daytona-rt-awd-2026,powertrain.power_hp,P
dodge-charger-daytona-rt-awd-2026,powertrain.torque_lbft,P
dodge-charger-daytona-rt-awd-2026,powertrain.accel_0_60_s,missing
dodge-charger-daytona-rt-awd-2026,powertrain.motor_type,missing
dodge-charger-daytona-rt-awd-2026,powertrain.inverter_semiconductor,P
dodge-charger-daytona-rt-awd-2026,battery.pack_kwh,P
dodge-charger-daytona-rt-awd-2026,battery.pack_kwh_basis,P
dodge-charger-daytona-rt-awd-2026,battery.system_voltage_v,missing
dodge-charger-daytona-rt-awd-2026,battery.cell_format,P
dodge-charger-daytona-rt-awd-2026,battery.cell_chemistry,P
dodge-charger-daytona-rt-awd-2026,battery.cell_supplier,missing
dodge-charger-daytona-rt-awd-2026,battery.module_count,missing
dodge-charger-daytona-rt-awd-2026,battery.structural_pack,missing
dodge-charger-daytona-rt-awd-2026,charging.port_type,P
dodge-charger-daytona-rt-awd-2026,charging.peak_dc_kw,missing
dodge-charger-daytona-rt-awd-2026,charging.onboard_ac_kw,S
dodge-charger-daytona-rt-awd-2026,charging.range_added_mi,missing
dodge-charger-daytona-rt-awd-2026,charging.range_added_time_min,missing
dodge-charger-daytona-rt-awd-2026,efficiency.epa_range_mi,P
dodge-charger-daytona-rt-awd-2026,efficiency.epa_kwh_per_100mi,P
dodge-charger-daytona-rt-awd-2026,efficiency.epa_mpge_combined,P
dodge-charger-daytona-rt-awd-2026,efficiency.cltc_range_km,missing
dodge-charger-daytona-rt-awd-2026,efficiency.cltc_kwh_per_100km,missing
dodge-charger-daytona-rt-awd-2026,body.curb_weight_lb,missing
dodge-charger-daytona-rt-awd-2026,body.drag_coefficient,missing
dodge-charger-daytona-rt-awd-2026,body.length_in,missing
dodge-charger-daytona-rt-awd-2026,body.width_in,S
dodge-charger-daytona-rt-awd-2026,body.height_in,missing
dodge-charger-daytona-rt-awd-2026,body.wheelbase_in,missing
dodge-charger-daytona-rt-awd-2026,chassis.front_suspension,missing
dodge-charger-daytona-rt-awd-2026,chassis.rear_suspension,missing
dodge-charger-daytona-rt-awd-2026,adas.sensor_suite,missing
dodge-charger-daytona-rt-awd-2026,adas.system_name,missing
acura-zdx-rwd-2026,identity.msrp_usd,missing
acura-zdx-rwd-2026,powertrain.motor_count,missing
acura-zdx-rwd-2026,powertrain.drive_layout,P
acura-zdx-rwd-2026,powertrain.power_hp,missing
acura-zdx-rwd-2026,powertrain.torque_lbft,missing
acura-zdx-rwd-2026,powertrain.accel_0_60_s,missing
acura-zdx-rwd-2026,powertrain.motor_type,missing
acura-zdx-rwd-2026,powertrain.inverter_semiconductor,missing
acura-zdx-rwd-2026,battery.pack_kwh,missing
acura-zdx-rwd-2026,battery.pack_kwh_basis,missing
acura-zdx-rwd-2026,battery.system_voltage_v,missing
acura-zdx-rwd-2026,battery.cell_format,missing
acura-zdx-rwd-2026,battery.cell_chemistry,missing
acura-zdx-rwd-2026,battery.cell_supplier,missing
acura-zdx-rwd-2026,battery.module_count,missing
acura-zdx-rwd-2026,battery.structural_pack,missing
acura-zdx-rwd-2026,charging.port_type,missing
acura-zdx-rwd-2026,charging.peak_dc_kw,missing
acura-zdx-rwd-2026,charging.onboard_ac_kw,missing
acura-zdx-rwd-2026,charging.range_added_mi,missing
acura-zdx-rwd-2026,charging.range_added_time_min,missing
acura-zdx-rwd-2026,efficiency.epa_range_mi,P
acura-zdx-rwd-2026,efficiency.epa_kwh_per_100mi,P
acura-zdx-rwd-2026,efficiency.epa_mpge_combined,P
acura-zdx-rwd-2026,efficiency.cltc_range_km,missing
acura-zdx-rwd-2026,efficiency.cltc_kwh_per_100km,missing
acura-zdx-rwd-2026,body.curb_weight_lb,missing
acura-zdx-rwd-2026,body.drag_coefficient,missing
acura-zdx-rwd-2026,body.length_in,missing
acura-zdx-rwd-2026,body.width_in,missing
acura-zdx-rwd-2026,body.height_in,missing
acura-zdx-rwd-2026,body.wheelbase_in,missing
acura-zdx-rwd-2026,chassis.front_suspension,missing
acura-zdx-rwd-2026,chassis.rear_suspension,missing
acura-zdx-rwd-2026,adas.sensor_suite,missing
acura-zdx-rwd-2026,adas.system_name,missing
ford-f150-lightning-sr-2025,identity.msrp_usd,missing
ford-f150-lightning-sr-2025,powertrain.motor_count,P
ford-f150-lightning-sr-2025,powertrain.drive_layout,P
ford-f150-lightning-sr-2025,powertrain.power_hp,P
ford-f150-lightning-sr-2025,powertrain.torque_lbft,P
ford-f150-lightning-sr-2025,powertrain.accel_0_60_s,missing
ford-f150-lightning-sr-2025,powertrain.motor_type,missing
ford-f150-lightning-sr-2025,powertrain.inverter_semiconductor,missing
ford-f150-lightning-sr-2025,battery.pack_kwh,P
ford-f150-lightning-sr-2025,battery.pack_kwh_basis,P
ford-f150-lightning-sr-2025,battery.system_voltage_v,missing
ford-f150-lightning-sr-2025,battery.cell_format,missing
ford-f150-lightning-sr-2025,battery.cell_chemistry,missing
ford-f150-lightning-sr-2025,battery.cell_supplier,missing
ford-f150-lightning-sr-2025,battery.module_count,missing
ford-f150-lightning-sr-2025,battery.structural_pack,missing
ford-f150-lightning-sr-2025,charging.port_type,P
ford-f150-lightning-sr-2025,charging.peak_dc_kw,missing
ford-f150-lightning-sr-2025,charging.onboard_ac_kw,P
ford-f150-lightning-sr-2025,charging.range_added_mi,missing
ford-f150-lightning-sr-2025,charging.range_added_time_min,missing
ford-f150-lightning-sr-2025,efficiency.epa_range_mi,P
ford-f150-lightning-sr-2025,efficiency.epa_kwh_per_100mi,P
ford-f150-lightning-sr-2025,efficiency.epa_mpge_combined,P
ford-f150-lightning-sr-2025,efficiency.cltc_range_km,missing
ford-f150-lightning-sr-2025,efficiency.cltc_kwh_per_100km,missing
ford-f150-lightning-sr-2025,body.curb_weight_lb,S
ford-f150-lightning-sr-2025,body.drag_coefficient,missing
ford-f150-lightning-sr-2025,body.length_in,missing
ford-f150-lightning-sr-2025,body.width_in,S
ford-f150-lightning-sr-2025,body.height_in,missing
ford-f150-lightning-sr-2025,body.wheelbase_in,missing
ford-f150-lightning-sr-2025,chassis.front_suspension,missing
ford-f150-lightning-sr-2025,chassis.rear_suspension,missing
ford-f150-lightning-sr-2025,adas.sensor_suite,missing
ford-f150-lightning-sr-2025,adas.system_name,missing
kia-ev9-long-range-rwd-2026,identity.msrp_usd,P
kia-ev9-long-range-rwd-2026,powertrain.motor_count,missing
kia-ev9-long-range-rwd-2026,powertrain.drive_layout,P
kia-ev9-long-range-rwd-2026,powertrain.power_hp,P
kia-ev9-long-range-rwd-2026,powertrain.torque_lbft,P
kia-ev9-long-range-rwd-2026,powertrain.accel_0_60_s,P
kia-ev9-long-range-rwd-2026,powertrain.motor_type,missing
kia-ev9-long-range-rwd-2026,powertrain.inverter_semiconductor,missing
kia-ev9-long-range-rwd-2026,battery.pack_kwh,P
kia-ev9-long-range-rwd-2026,battery.pack_kwh_basis,P
kia-ev9-long-range-rwd-2026,battery.system_voltage_v,missing
kia-ev9-long-range-rwd-2026,battery.cell_format,missing
kia-ev9-long-range-rwd-2026,battery.cell_chemistry,missing
kia-ev9-long-range-rwd-2026,battery.cell_supplier,missing
kia-ev9-long-range-rwd-2026,battery.module_count,missing
kia-ev9-long-range-rwd-2026,battery.structural_pack,missing
kia-ev9-long-range-rwd-2026,charging.port_type,P
kia-ev9-long-range-rwd-2026,charging.peak_dc_kw,missing
kia-ev9-long-range-rwd-2026,charging.onboard_ac_kw,P
kia-ev9-long-range-rwd-2026,charging.range_added_mi,missing
kia-ev9-long-range-rwd-2026,charging.range_added_time_min,missing
kia-ev9-long-range-rwd-2026,efficiency.epa_range_mi,P
kia-ev9-long-range-rwd-2026,efficiency.epa_kwh_per_100mi,P
kia-ev9-long-range-rwd-2026,efficiency.epa_mpge_combined,P
kia-ev9-long-range-rwd-2026,efficiency.cltc_range_km,missing
kia-ev9-long-range-rwd-2026,efficiency.cltc_kwh_per_100km,missing
kia-ev9-long-range-rwd-2026,body.curb_weight_lb,P
kia-ev9-long-range-rwd-2026,body.drag_coefficient,missing
kia-ev9-long-range-rwd-2026,body.length_in,P
kia-ev9-long-range-rwd-2026,body.width_in,P
kia-ev9-long-range-rwd-2026,body.height_in,P
kia-ev9-long-range-rwd-2026,body.wheelbase_in,P
kia-ev9-long-range-rwd-2026,chassis.front_suspension,missing
kia-ev9-long-range-rwd-2026,chassis.rear_suspension,missing
kia-ev9-long-range-rwd-2026,adas.sensor_suite,missing
kia-ev9-long-range-rwd-2026,adas.system_name,missing
nissan-ariya-fwd-63kwh-2026,identity.msrp_usd,missing
nissan-ariya-fwd-63kwh-2026,powertrain.motor_count,missing
nissan-ariya-fwd-63kwh-2026,powertrain.drive_layout,P
nissan-ariya-fwd-63kwh-2026,powertrain.power_hp,missing
nissan-ariya-fwd-63kwh-2026,powertrain.torque_lbft,missing
nissan-ariya-fwd-63kwh-2026,powertrain.accel_0_60_s,missing
nissan-ariya-fwd-63kwh-2026,powertrain.motor_type,missing
nissan-ariya-fwd-63kwh-2026,powertrain.inverter_semiconductor,missing
nissan-ariya-fwd-63kwh-2026,battery.pack_kwh,missing
nissan-ariya-fwd-63kwh-2026,battery.pack_kwh_basis,missing
nissan-ariya-fwd-63kwh-2026,battery.system_voltage_v,missing
nissan-ariya-fwd-63kwh-2026,battery.cell_format,missing
nissan-ariya-fwd-63kwh-2026,battery.cell_chemistry,missing
nissan-ariya-fwd-63kwh-2026,battery.cell_supplier,missing
nissan-ariya-fwd-63kwh-2026,battery.module_count,missing
nissan-ariya-fwd-63kwh-2026,battery.structural_pack,missing
nissan-ariya-fwd-63kwh-2026,charging.port_type,missing
nissan-ariya-fwd-63kwh-2026,charging.peak_dc_kw,missing
nissan-ariya-fwd-63kwh-2026,charging.onboard_ac_kw,missing
nissan-ariya-fwd-63kwh-2026,charging.range_added_mi,missing
nissan-ariya-fwd-63kwh-2026,charging.range_added_time_min,missing
nissan-ariya-fwd-63kwh-2026,efficiency.epa_range_mi,P
nissan-ariya-fwd-63kwh-2026,efficiency.epa_kwh_per_100mi,P
nissan-ariya-fwd-63kwh-2026,efficiency.epa_mpge_combined,P
nissan-ariya-fwd-63kwh-2026,efficiency.cltc_range_km,missing
nissan-ariya-fwd-63kwh-2026,efficiency.cltc_kwh_per_100km,missing
nissan-ariya-fwd-63kwh-2026,body.curb_weight_lb,missing
nissan-ariya-fwd-63kwh-2026,body.drag_coefficient,missing
nissan-ariya-fwd-63kwh-2026,body.length_in,missing
nissan-ariya-fwd-63kwh-2026,body.width_in,missing
nissan-ariya-fwd-63kwh-2026,body.height_in,missing
nissan-ariya-fwd-63kwh-2026,body.wheelbase_in,missing
nissan-ariya-fwd-63kwh-2026,chassis.front_suspension,missing
nissan-ariya-fwd-63kwh-2026,chassis.rear_suspension,missing
nissan-ariya-fwd-63kwh-2026,adas.sensor_suite,missing
nissan-ariya-fwd-63kwh-2026,adas.system_name,missing
vw-id-buzz-2025,identity.msrp_usd,P
vw-id-buzz-2025,powertrain.motor_count,missing
vw-id-buzz-2025,powertrain.drive_layout,P
vw-id-buzz-2025,powertrain.power_hp,P
vw-id-buzz-2025,powertrain.torque_lbft,P
vw-id-buzz-2025,powertrain.accel_0_60_s,P
vw-id-buzz-2025,powertrain.motor_type,missing
vw-id-buzz-2025,powertrain.inverter_semiconductor,missing
vw-id-buzz-2025,battery.pack_kwh,P
vw-id-buzz-2025,battery.pack_kwh_basis,P
vw-id-buzz-2025,battery.system_voltage_v,missing
vw-id-buzz-2025,battery.cell_format,missing
vw-id-buzz-2025,battery.cell_chemistry,missing
vw-id-buzz-2025,battery.cell_supplier,missing
vw-id-buzz-2025,battery.module_count,missing
vw-id-buzz-2025,battery.structural_pack,missing
vw-id-buzz-2025,charging.port_type,P
vw-id-buzz-2025,charging.peak_dc_kw,P
vw-id-buzz-2025,charging.onboard_ac_kw,P
vw-id-buzz-2025,charging.range_added_mi,missing
vw-id-buzz-2025,charging.range_added_time_min,missing
vw-id-buzz-2025,efficiency.epa_range_mi,P
vw-id-buzz-2025,efficiency.epa_kwh_per_100mi,P
vw-id-buzz-2025,efficiency.epa_mpge_combined,P
vw-id-buzz-2025,efficiency.cltc_range_km,missing
vw-id-buzz-2025,efficiency.cltc_kwh_per_100km,missing
vw-id-buzz-2025,body.curb_weight_lb,P
vw-id-buzz-2025,body.drag_coefficient,P
vw-id-buzz-2025,body.length_in,P
vw-id-buzz-2025,body.width_in,P
vw-id-buzz-2025,body.height_in,P
vw-id-buzz-2025,body.wheelbase_in,P
vw-id-buzz-2025,chassis.front_suspension,missing
vw-id-buzz-2025,chassis.rear_suspension,missing
vw-id-buzz-2025,adas.sensor_suite,missing
vw-id-buzz-2025,adas.system_name,missing
cadillac-optiq-rwd-2026,identity.msrp_usd,P
cadillac-optiq-rwd-2026,powertrain.motor_count,P
cadillac-optiq-rwd-2026,powertrain.drive_layout,P
cadillac-optiq-rwd-2026,powertrain.power_hp,P
cadillac-optiq-rwd-2026,powertrain.torque_lbft,P
cadillac-optiq-rwd-2026,powertrain.accel_0_60_s,missing
cadillac-optiq-rwd-2026,powertrain.motor_type,missing
cadillac-optiq-rwd-2026,powertrain.inverter_semiconductor,missing
cadillac-optiq-rwd-2026,battery.pack_kwh,P
cadillac-optiq-rwd-2026,battery.pack_kwh_basis,P
cadillac-optiq-rwd-2026,battery.system_voltage_v,missing
cadillac-optiq-rwd-2026,battery.cell_format,missing
cadillac-optiq-rwd-2026,battery.cell_chemistry,missing
cadillac-optiq-rwd-2026,battery.cell_supplier,missing
cadillac-optiq-rwd-2026,battery.module_count,missing
cadillac-optiq-rwd-2026,battery.structural_pack,missing
cadillac-optiq-rwd-2026,charging.port_type,P
cadillac-optiq-rwd-2026,charging.peak_dc_kw,P
cadillac-optiq-rwd-2026,charging.onboard_ac_kw,P
cadillac-optiq-rwd-2026,charging.range_added_mi,missing
cadillac-optiq-rwd-2026,charging.range_added_time_min,missing
cadillac-optiq-rwd-2026,efficiency.epa_range_mi,P
cadillac-optiq-rwd-2026,efficiency.epa_kwh_per_100mi,P
cadillac-optiq-rwd-2026,efficiency.epa_mpge_combined,P
cadillac-optiq-rwd-2026,efficiency.cltc_range_km,missing
cadillac-optiq-rwd-2026,efficiency.cltc_kwh_per_100km,missing
cadillac-optiq-rwd-2026,body.curb_weight_lb,missing
cadillac-optiq-rwd-2026,body.drag_coefficient,missing
cadillac-optiq-rwd-2026,body.length_in,P
cadillac-optiq-rwd-2026,body.width_in,P
cadillac-optiq-rwd-2026,body.height_in,P
cadillac-optiq-rwd-2026,body.wheelbase_in,P
cadillac-optiq-rwd-2026,chassis.front_suspension,missing
cadillac-optiq-rwd-2026,chassis.rear_suspension,missing
cadillac-optiq-rwd-2026,adas.sensor_suite,missing
cadillac-optiq-rwd-2026,adas.system_name,missing
chevrolet-blazer-ev-fwd-2026,identity.msrp_usd,P
chevrolet-blazer-ev-fwd-2026,powertrain.motor_count,P
chevrolet-blazer-ev-fwd-2026,powertrain.drive_layout,P
chevrolet-blazer-ev-fwd-2026,powertrain.power_hp,P
chevrolet-blazer-ev-fwd-2026,powertrain.torque_lbft,P
chevrolet-blazer-ev-fwd-2026,powertrain.accel_0_60_s,missing
chevrolet-blazer-ev-fwd-2026,powertrain.motor_type,missing
chevrolet-blazer-ev-fwd-2026,powertrain.inverter_semiconductor,missing
chevrolet-blazer-ev-fwd-2026,battery.pack_kwh,P
chevrolet-blazer-ev-fwd-2026,battery.pack_kwh_basis,P
chevrolet-blazer-ev-fwd-2026,battery.system_voltage_v,missing
chevrolet-blazer-ev-fwd-2026,battery.cell_format,missing
chevrolet-blazer-ev-fwd-2026,battery.cell_chemistry,missing
chevrolet-blazer-ev-fwd-2026,battery.cell_supplier,missing
chevrolet-blazer-ev-fwd-2026,battery.module_count,missing
chevrolet-blazer-ev-fwd-2026,battery.structural_pack,missing
chevrolet-blazer-ev-fwd-2026,charging.port_type,P
chevrolet-blazer-ev-fwd-2026,charging.peak_dc_kw,P
chevrolet-blazer-ev-fwd-2026,charging.onboard_ac_kw,S
chevrolet-blazer-ev-fwd-2026,charging.range_added_mi,missing
chevrolet-blazer-ev-fwd-2026,charging.range_added_time_min,missing
chevrolet-blazer-ev-fwd-2026,efficiency.epa_range_mi,P
chevrolet-blazer-ev-fwd-2026,efficiency.epa_kwh_per_100mi,P
chevrolet-blazer-ev-fwd-2026,efficiency.epa_mpge_combined,P
chevrolet-blazer-ev-fwd-2026,efficiency.cltc_range_km,missing
chevrolet-blazer-ev-fwd-2026,efficiency.cltc_kwh_per_100km,missing
chevrolet-blazer-ev-fwd-2026,body.curb_weight_lb,S
chevrolet-blazer-ev-fwd-2026,body.drag_coefficient,missing
chevrolet-blazer-ev-fwd-2026,body.length_in,S
chevrolet-blazer-ev-fwd-2026,body.width_in,S
chevrolet-blazer-ev-fwd-2026,body.height_in,S
chevrolet-blazer-ev-fwd-2026,body.wheelbase_in,S
chevrolet-blazer-ev-fwd-2026,chassis.front_suspension,missing
chevrolet-blazer-ev-fwd-2026,chassis.rear_suspension,missing
chevrolet-blazer-ev-fwd-2026,adas.sensor_suite,missing
chevrolet-blazer-ev-fwd-2026,adas.system_name,missing
chevrolet-silverado-ev-std-range-2026,identity.msrp_usd,P
chevrolet-silverado-ev-std-range-2026,powertrain.motor_count,P
chevrolet-silverado-ev-std-range-2026,powertrain.drive_layout,P
chevrolet-silverado-ev-std-range-2026,powertrain.power_hp,P
chevrolet-silverado-ev-std-range-2026,powertrain.torque_lbft,P
chevrolet-silverado-ev-std-range-2026,powertrain.accel_0_60_s,missing
chevrolet-silverado-ev-std-range-2026,powertrain.motor_type,missing
chevrolet-silverado-ev-std-range-2026,powertrain.inverter_semiconductor,missing
chevrolet-silverado-ev-std-range-2026,battery.pack_kwh,missing
chevrolet-silverado-ev-std-range-2026,battery.pack_kwh_basis,missing
chevrolet-silverado-ev-std-range-2026,battery.system_voltage_v,missing
chevrolet-silverado-ev-std-range-2026,battery.cell_format,missing
chevrolet-silverado-ev-std-range-2026,battery.cell_chemistry,missing
chevrolet-silverado-ev-std-range-2026,battery.cell_supplier,missing
chevrolet-silverado-ev-std-range-2026,battery.module_count,missing
chevrolet-silverado-ev-std-range-2026,battery.structural_pack,missing
chevrolet-silverado-ev-std-range-2026,charging.port_type,P
chevrolet-silverado-ev-std-range-2026,charging.peak_dc_kw,P
chevrolet-silverado-ev-std-range-2026,charging.onboard_ac_kw,P
chevrolet-silverado-ev-std-range-2026,charging.range_added_mi,missing
chevrolet-silverado-ev-std-range-2026,charging.range_added_time_min,missing
chevrolet-silverado-ev-std-range-2026,efficiency.epa_range_mi,P
chevrolet-silverado-ev-std-range-2026,efficiency.epa_kwh_per_100mi,P
chevrolet-silverado-ev-std-range-2026,efficiency.epa_mpge_combined,P
chevrolet-silverado-ev-std-range-2026,efficiency.cltc_range_km,missing
chevrolet-silverado-ev-std-range-2026,efficiency.cltc_kwh_per_100km,missing
chevrolet-silverado-ev-std-range-2026,body.curb_weight_lb,missing
chevrolet-silverado-ev-std-range-2026,body.drag_coefficient,missing
chevrolet-silverado-ev-std-range-2026,body.length_in,P
chevrolet-silverado-ev-std-range-2026,body.width_in,P
chevrolet-silverado-ev-std-range-2026,body.height_in,P
chevrolet-silverado-ev-std-range-2026,body.wheelbase_in,P
chevrolet-silverado-ev-std-range-2026,chassis.front_suspension,missing
chevrolet-silverado-ev-std-range-2026,chassis.rear_suspension,missing
chevrolet-silverado-ev-std-range-2026,adas.sensor_suite,missing
chevrolet-silverado-ev-std-range-2026,adas.system_name,missing
cadillac-vistiq-2026,identity.msrp_usd,P
cadillac-vistiq-2026,powertrain.motor_count,P
cadillac-vistiq-2026,powertrain.drive_layout,P
cadillac-vistiq-2026,powertrain.power_hp,P
cadillac-vistiq-2026,powertrain.torque_lbft,P
cadillac-vistiq-2026,powertrain.accel_0_60_s,P
cadillac-vistiq-2026,powertrain.motor_type,missing
cadillac-vistiq-2026,powertrain.inverter_semiconductor,missing
cadillac-vistiq-2026,battery.pack_kwh,P
cadillac-vistiq-2026,battery.pack_kwh_basis,P
cadillac-vistiq-2026,battery.system_voltage_v,missing
cadillac-vistiq-2026,battery.cell_format,missing
cadillac-vistiq-2026,battery.cell_chemistry,missing
cadillac-vistiq-2026,battery.cell_supplier,missing
cadillac-vistiq-2026,battery.module_count,missing
cadillac-vistiq-2026,battery.structural_pack,missing
cadillac-vistiq-2026,charging.port_type,P
cadillac-vistiq-2026,charging.peak_dc_kw,P
cadillac-vistiq-2026,charging.onboard_ac_kw,P
cadillac-vistiq-2026,charging.range_added_mi,missing
cadillac-vistiq-2026,charging.range_added_time_min,missing
cadillac-vistiq-2026,efficiency.epa_range_mi,P
cadillac-vistiq-2026,efficiency.epa_kwh_per_100mi,P
cadillac-vistiq-2026,efficiency.epa_mpge_combined,P
cadillac-vistiq-2026,efficiency.cltc_range_km,missing
cadillac-vistiq-2026,efficiency.cltc_kwh_per_100km,missing
cadillac-vistiq-2026,body.curb_weight_lb,missing
cadillac-vistiq-2026,body.drag_coefficient,missing
cadillac-vistiq-2026,body.length_in,P
cadillac-vistiq-2026,body.width_in,missing
cadillac-vistiq-2026,body.height_in,P
cadillac-vistiq-2026,body.wheelbase_in,P
cadillac-vistiq-2026,chassis.front_suspension,missing
cadillac-vistiq-2026,chassis.rear_suspension,missing
cadillac-vistiq-2026,adas.sensor_suite,missing
cadillac-vistiq-2026,adas.system_name,missing
hyundai-ioniq9-rwd-2026,identity.msrp_usd,P
hyundai-ioniq9-rwd-2026,powertrain.motor_count,P
hyundai-ioniq9-rwd-2026,powertrain.drive_layout,P
hyundai-ioniq9-rwd-2026,powertrain.power_hp,P
hyundai-ioniq9-rwd-2026,powertrain.torque_lbft,P
hyundai-ioniq9-rwd-2026,powertrain.accel_0_60_s,missing
hyundai-ioniq9-rwd-2026,powertrain.motor_type,missing
hyundai-ioniq9-rwd-2026,powertrain.inverter_semiconductor,missing
hyundai-ioniq9-rwd-2026,battery.pack_kwh,P
hyundai-ioniq9-rwd-2026,battery.pack_kwh_basis,P
hyundai-ioniq9-rwd-2026,battery.system_voltage_v,missing
hyundai-ioniq9-rwd-2026,battery.cell_format,missing
hyundai-ioniq9-rwd-2026,battery.cell_chemistry,missing
hyundai-ioniq9-rwd-2026,battery.cell_supplier,missing
hyundai-ioniq9-rwd-2026,battery.module_count,missing
hyundai-ioniq9-rwd-2026,battery.structural_pack,missing
hyundai-ioniq9-rwd-2026,charging.port_type,P
hyundai-ioniq9-rwd-2026,charging.peak_dc_kw,P
hyundai-ioniq9-rwd-2026,charging.onboard_ac_kw,missing
hyundai-ioniq9-rwd-2026,charging.range_added_mi,missing
hyundai-ioniq9-rwd-2026,charging.range_added_time_min,missing
hyundai-ioniq9-rwd-2026,efficiency.epa_range_mi,P
hyundai-ioniq9-rwd-2026,efficiency.epa_kwh_per_100mi,P
hyundai-ioniq9-rwd-2026,efficiency.epa_mpge_combined,P
hyundai-ioniq9-rwd-2026,efficiency.cltc_range_km,missing
hyundai-ioniq9-rwd-2026,efficiency.cltc_kwh_per_100km,missing
hyundai-ioniq9-rwd-2026,body.curb_weight_lb,P
hyundai-ioniq9-rwd-2026,body.drag_coefficient,missing
hyundai-ioniq9-rwd-2026,body.length_in,P
hyundai-ioniq9-rwd-2026,body.width_in,P
hyundai-ioniq9-rwd-2026,body.height_in,P
hyundai-ioniq9-rwd-2026,body.wheelbase_in,P
hyundai-ioniq9-rwd-2026,chassis.front_suspension,missing
hyundai-ioniq9-rwd-2026,chassis.rear_suspension,missing
hyundai-ioniq9-rwd-2026,adas.sensor_suite,missing
hyundai-ioniq9-rwd-2026,adas.system_name,missing
byd-seal-2025,identity.msrp_usd,missing
byd-seal-2025,powertrain.motor_count,missing
byd-seal-2025,powertrain.drive_layout,missing
byd-seal-2025,powertrain.power_hp,missing
byd-seal-2025,powertrain.torque_lbft,missing
byd-seal-2025,powertrain.accel_0_60_s,missing
byd-seal-2025,powertrain.motor_type,missing
byd-seal-2025,powertrain.inverter_semiconductor,missing
byd-seal-2025,battery.pack_kwh,missing
byd-seal-2025,battery.pack_kwh_basis,missing
byd-seal-2025,battery.system_voltage_v,missing
byd-seal-2025,battery.cell_format,missing
byd-seal-2025,battery.cell_chemistry,missing
byd-seal-2025,battery.cell_supplier,missing
byd-seal-2025,battery.module_count,missing
byd-seal-2025,battery.structural_pack,missing
byd-seal-2025,charging.port_type,missing
byd-seal-2025,charging.peak_dc_kw,missing
byd-seal-2025,charging.onboard_ac_kw,missing
byd-seal-2025,charging.range_added_mi,missing
byd-seal-2025,charging.range_added_time_min,missing
byd-seal-2025,efficiency.epa_range_mi,missing
byd-seal-2025,efficiency.epa_kwh_per_100mi,missing
byd-seal-2025,efficiency.epa_mpge_combined,missing
byd-seal-2025,efficiency.cltc_range_km,missing
byd-seal-2025,efficiency.cltc_kwh_per_100km,missing
byd-seal-2025,body.curb_weight_lb,missing
byd-seal-2025,body.drag_coefficient,missing
byd-seal-2025,body.length_in,missing
byd-seal-2025,body.width_in,missing
byd-seal-2025,body.height_in,missing
byd-seal-2025,body.wheelbase_in,missing
byd-seal-2025,chassis.front_suspension,missing
byd-seal-2025,chassis.rear_suspension,missing
byd-seal-2025,adas.sensor_suite,missing
byd-seal-2025,adas.system_name,missing
zeekr-001-2025,identity.msrp_usd,missing
zeekr-001-2025,powertrain.motor_count,missing
zeekr-001-2025,powertrain.drive_layout,missing
zeekr-001-2025,powertrain.power_hp,missing
zeekr-001-2025,powertrain.torque_lbft,missing
zeekr-001-2025,powertrain.accel_0_60_s,missing
zeekr-001-2025,powertrain.motor_type,missing
zeekr-001-2025,powertrain.inverter_semiconductor,missing
zeekr-001-2025,battery.pack_kwh,missing
zeekr-001-2025,battery.pack_kwh_basis,missing
zeekr-001-2025,battery.system_voltage_v,missing
zeekr-001-2025,battery.cell_format,missing
zeekr-001-2025,battery.cell_chemistry,missing
zeekr-001-2025,battery.cell_supplier,missing
zeekr-001-2025,battery.module_count,missing
zeekr-001-2025,battery.structural_pack,missing
zeekr-001-2025,charging.port_type,missing
zeekr-001-2025,charging.peak_dc_kw,missing
zeekr-001-2025,charging.onboard_ac_kw,missing
zeekr-001-2025,charging.range_added_mi,missing
zeekr-001-2025,charging.range_added_time_min,missing
zeekr-001-2025,efficiency.epa_range_mi,missing
zeekr-001-2025,efficiency.epa_kwh_per_100mi,missing
zeekr-001-2025,efficiency.epa_mpge_combined,missing
zeekr-001-2025,efficiency.cltc_range_km,missing
zeekr-001-2025,efficiency.cltc_kwh_per_100km,missing
zeekr-001-2025,body.curb_weight_lb,missing
zeekr-001-2025,body.drag_coefficient,missing
zeekr-001-2025,body.length_in,missing
zeekr-001-2025,body.width_in,missing
zeekr-001-2025,body.height_in,missing
zeekr-001-2025,body.wheelbase_in,missing
zeekr-001-2025,chassis.front_suspension,missing
zeekr-001-2025,chassis.rear_suspension,missing
zeekr-001-2025,adas.sensor_suite,missing
zeekr-001-2025,adas.system_name,missing
nio-et5-2025,identity.msrp_usd,missing
nio-et5-2025,powertrain.motor_count,missing
nio-et5-2025,powertrain.drive_layout,missing
nio-et5-2025,powertrain.power_hp,missing
nio-et5-2025,powertrain.torque_lbft,missing
nio-et5-2025,powertrain.accel_0_60_s,missing
nio-et5-2025,powertrain.motor_type,missing
nio-et5-2025,powertrain.inverter_semiconductor,missing
nio-et5-2025,battery.pack_kwh,missing
nio-et5-2025,battery.pack_kwh_basis,missing
nio-et5-2025,battery.system_voltage_v,missing
nio-et5-2025,battery.cell_format,missing
nio-et5-2025,battery.cell_chemistry,missing
nio-et5-2025,battery.cell_supplier,missing
nio-et5-2025,battery.module_count,missing
nio-et5-2025,battery.structural_pack,missing
nio-et5-2025,charging.port_type,missing
nio-et5-2025,charging.peak_dc_kw,missing
nio-et5-2025,charging.onboard_ac_kw,missing
nio-et5-2025,charging.range_added_mi,missing
nio-et5-2025,charging.range_added_time_min,missing
nio-et5-2025,efficiency.epa_range_mi,missing
nio-et5-2025,efficiency.epa_kwh_per_100mi,missing
nio-et5-2025,efficiency.epa_mpge_combined,missing
nio-et5-2025,efficiency.cltc_range_km,missing
nio-et5-2025,efficiency.cltc_kwh_per_100km,missing
nio-et5-2025,body.curb_weight_lb,missing
nio-et5-2025,body.drag_coefficient,missing
nio-et5-2025,body.length_in,missing
nio-et5-2025,body.width_in,missing
nio-et5-2025,body.height_in,missing
nio-et5-2025,body.wheelbase_in,missing
nio-et5-2025,chassis.front_suspension,missing
nio-et5-2025,chassis.rear_suspension,missing
nio-et5-2025,adas.sensor_suite,missing
nio-et5-2025,adas.system_name,missing
xiaomi-su7-2025,identity.msrp_usd,missing
xiaomi-su7-2025,powertrain.motor_count,missing
xiaomi-su7-2025,powertrain.drive_layout,missing
xiaomi-su7-2025,powertrain.power_hp,missing
xiaomi-su7-2025,powertrain.torque_lbft,missing
xiaomi-su7-2025,powertrain.accel_0_60_s,missing
xiaomi-su7-2025,powertrain.motor_type,missing
xiaomi-su7-2025,powertrain.inverter_semiconductor,missing
xiaomi-su7-2025,battery.pack_kwh,missing
xiaomi-su7-2025,battery.pack_kwh_basis,missing
xiaomi-su7-2025,battery.system_voltage_v,missing
xiaomi-su7-2025,battery.cell_format,missing
xiaomi-su7-2025,battery.cell_chemistry,missing
xiaomi-su7-2025,battery.cell_supplier,missing
xiaomi-su7-2025,battery.module_count,missing
xiaomi-su7-2025,battery.structural_pack,missing
xiaomi-su7-2025,charging.port_type,missing
xiaomi-su7-2025,charging.peak_dc_kw,missing
xiaomi-su7-2025,charging.onboard_ac_kw,missing
xiaomi-su7-2025,charging.range_added_mi,missing
xiaomi-su7-2025,charging.range_added_time_min,missing
xiaomi-su7-2025,efficiency.epa_range_mi,missing
xiaomi-su7-2025,efficiency.epa_kwh_per_100mi,missing
xiaomi-su7-2025,efficiency.epa_mpge_combined,missing
xiaomi-su7-2025,efficiency.cltc_range_km,missing
xiaomi-su7-2025,efficiency.cltc_kwh_per_100km,missing
xiaomi-su7-2025,body.curb_weight_lb,missing
xiaomi-su7-2025,body.drag_coefficient,missing
xiaomi-su7-2025,body.length_in,missing
xiaomi-su7-2025,body.width_in,missing
xiaomi-su7-2025,body.height_in,missing
xiaomi-su7-2025,body.wheelbase_in,missing
xiaomi-su7-2025,chassis.front_suspension,missing
xiaomi-su7-2025,chassis.rear_suspension,missing
xiaomi-su7-2025,adas.sensor_suite,missing
xiaomi-su7-2025,adas.system_name,missing
xpeng-g6-2025,identity.msrp_usd,missing
xpeng-g6-2025,powertrain.motor_count,missing
xpeng-g6-2025,powertrain.drive_layout,missing
xpeng-g6-2025,powertrain.power_hp,missing
xpeng-g6-2025,powertrain.torque_lbft,missing
xpeng-g6-2025,powertrain.accel_0_60_s,missing
xpeng-g6-2025,powertrain.motor_type,missing
xpeng-g6-2025,powertrain.inverter_semiconductor,missing
xpeng-g6-2025,battery.pack_kwh,missing
xpeng-g6-2025,battery.pack_kwh_basis,missing
xpeng-g6-2025,battery.system_voltage_v,missing
xpeng-g6-2025,battery.cell_format,missing
xpeng-g6-2025,battery.cell_chemistry,missing
xpeng-g6-2025,battery.cell_supplier,missing
xpeng-g6-2025,battery.module_count,missing
xpeng-g6-2025,battery.structural_pack,missing
xpeng-g6-2025,charging.port_type,missing
xpeng-g6-2025,charging.peak_dc_kw,missing
xpeng-g6-2025,charging.onboard_ac_kw,missing
xpeng-g6-2025,charging.range_added_mi,missing
xpeng-g6-2025,charging.range_added_time_min,missing
xpeng-g6-2025,efficiency.epa_range_mi,missing
xpeng-g6-2025,efficiency.epa_kwh_per_100mi,missing
xpeng-g6-2025,efficiency.epa_mpge_combined,missing
xpeng-g6-2025,efficiency.cltc_range_km,missing
xpeng-g6-2025,efficiency.cltc_kwh_per_100km,missing
xpeng-g6-2025,body.curb_weight_lb,missing
xpeng-g6-2025,body.drag_coefficient,missing
xpeng-g6-2025,body.length_in,missing
xpeng-g6-2025,body.width_in,missing
xpeng-g6-2025,body.height_in,missing
xpeng-g6-2025,body.wheelbase_in,missing
xpeng-g6-2025,chassis.front_suspension,missing
xpeng-g6-2025,chassis.rear_suspension,missing
xpeng-g6-2025,adas.sensor_suite,missing
xpeng-g6-2025,adas.system_name,missing
