vehicle_id,make,model,trim,model_year,lineage_id,adas.system_name,adas.system_name__unit,adas.system_name__tier,adas.system_name__conflict,adas.system_name__source_url,adas.system_name__access_date,battery.module_count,battery.module_count__unit,battery.module_count__tier,battery.module_count__conflict,battery.module_count__source_url,battery.module_count__access_date,battery.pack_kwh,battery.pack_kwh__unit,battery.pack_kwh__tier,battery.pack_kwh__conflict,battery.pack_kwh__source_url,battery.pack_kwh__access_date,battery.pack_kwh_basis,battery.pack_kwh_basis__unit,battery.pack_kwh_basis__tier,battery.pack_kwh_basis__conflict,battery.pack_kwh_basis__source_url,battery.pack_kwh_basis__access_date,battery.system_voltage_v,battery.system_voltage_v__unit,battery.system_voltage_v__tier,battery.system_voltage_v__conflict,battery.system_voltage_v__source_url,battery.system_voltage_v__access_date,body.curb_weight_lb,body.curb_weight_lb__unit,body.curb_weight_lb__tier,body.curb_weight_lb__conflict,body.curb_weight_lb__source_url,body.curb_weight_lb__access_date,body.drag_coefficient,body.drag_coefficient__unit,body.drag_coefficient__tier,body.drag_coefficient__conflict,body.drag_coefficient__source_url,body.drag_coefficient__access_date,body.height_in,body.height_in__unit,body.height_in__tier,body.height_in__conflict,body.height_in__source_url,body.height_in__access_date,body.length_in,body.length_in__unit,body.length_in__tier,body.length_in__conflict,body.length_in__source_url,body.length_in__access_date,body.wheelbase_in,body.wheelbase_in__unit,body.wheelbase_in__tier,body.wheelbase_in__conflict,body.wheelbase_in__source_url,body.wheelbase_in__access_date,body.width_in,body.width_in__unit,body.width_in__tier,body.width_in__conflict,body.width_in__source_url,body.width_in__access_date,charging.nacs_adapter_included,charging.nacs_adapter_included__unit,charging.nacs_adapter_included__tier,charging.nacs_adapter_included__conflict,charging.nacs_adapter_included__source_url,charging.nacs_adapter_included__access_date,charging.onboard_ac_kw,charging.onboard_ac_kw__unit,charging.onboard_ac_kw__tier,charging.onboard_ac_kw__conflict,charging.onboard_ac_kw__source_url,charging.onboard_ac_kw__access_date,charging.peak_dc_kw,charging.peak_dc_kw__unit,charging.peak_dc_kw__tier,charging.peak_dc_kw__conflict,charging.peak_dc_kw__source_url,charging.peak_dc_kw__access_date,charging.port_type,charging.port_type__unit,charging.port_type__tier,charging.port_type__conflict,charging.port_type__source_url,charging.port_type__access_date,charging.range_added_mi,charging.range_added_mi__unit,charging.range_added_mi__tier,charging.range_added_mi__conflict,charging.range_added_mi__source_url,charging.range_added_mi__access_date,charging.range_added_time_min,charging.range_added_time_min__unit,charging.range_added_time_min__tier,charging.range_added_time_min__conflict,charging.range_added_time_min__source_url,charging.range_added_time_min__access_date,derived.kwh_per_100mi_battery_side,derived.kwh_per_100mi_battery_side__unit,derived.kwh_per_100mi_battery_side__tier,derived.kwh_per_100mi_battery_side__conflict,derived.kwh_per_100mi_battery_side__source_url,derived.kwh_per_100mi_battery_side__access_date,derived.miles_per_min_dc,derived.miles_per_min_dc__unit,derived.miles_per_min_dc__tier,derived.miles_per_min_dc__conflict,derived.miles_per_min_dc__source_url,derived.miles_per_min_dc__access_date,derived.wh_per_lb,derived.wh_per_lb__unit,derived.wh_per_lb__tier,derived.wh_per_lb__conflict,derived.wh_per_lb__source_url,derived.wh_per_lb__access_date,efficiency.epa_kwh_per_100mi,efficiency.epa_kwh_per_100mi__unit,efficiency.epa_kwh_per_100mi__tier,efficiency.epa_kwh_per_100mi__conflict,efficiency.epa_kwh_per_100mi__source_url,efficiency.epa_kwh_per_100mi__access_date,efficiency.epa_mpge_combined,efficiency.epa_mpge_combined__unit,efficiency.epa_mpge_combined__tier,efficiency.epa_mpge_combined__conflict,efficiency.epa_mpge_combined__source_url,efficiency.epa_mpge_combined__access_date,efficiency.epa_range_mi,efficiency.epa_range_mi__unit,efficiency.epa_range_mi__tier,efficiency.epa_range_mi__conflict,efficiency.epa_range_mi__source_url,efficiency.epa_range_mi__access_date,identity.msrp_usd,identity.msrp_usd__unit,identity.msrp_usd__tier,identity.msrp_usd__conflict,identity.msrp_usd__source_url,identity.msrp_usd__access_date,powertrain.accel_0_60_s,powertrain.accel_0_60_s__unit,powertrain.accel_0_60_s__tier,powertrain.accel_0_60_s__conflict,powertrain.accel_0_60_s__source_url,powertrain.accel_0_60_s__access_date,powertrain.drive_layout,powertrain.drive_layout__unit,powertrain.drive_layout__tier,powertrain.drive_layout__conflict,powertrain.drive_layout__source_url,powertrain.drive_layout__access_date,powertrain.epa_motor_description,powertrain.epa_motor_description__unit,powertrain.epa_motor_description__tier,powertrain.epa_motor_description__conflict,powertrain.epa_motor_description__source_url,powertrain.epa_motor_description__access_date,powertrain.motor_count,powertrain.motor_count__unit,powertrain.motor_count__tier,powertrain.motor_count__conflict,powertrain.motor_count__source_url,powertrain.motor_count__access_date,powertrain.motor_type,powertrain.motor_type__unit,powertrain.motor_type__tier,powertrain.motor_type__conflict,powertrain.motor_type__source_url,powertrain.motor_type__access_date,powertrain.power_hp,powertrain.power_hp__unit,powertrain.power_hp__tier,powertrain.power_hp__conflict,powertrain.power_hp__source_url,powertrain.power_hp__access_date,powertrain.torque_lbft,powertrain.torque_lbft__unit,powertrain.torque_lbft__tier,powertrain.torque_lbft__conflict,powertrain.torque_lbft__source_url,powertrain.torque_lbft__access_date,recalls.campaign_24V868,recalls.campaign_24V868__unit,recalls.campaign_24V868__tier,recalls.campaign_24V868__conflict,recalls.campaign_24V868__source_url,recalls.campaign_24V868__access_date,recalls.campaign_25V359,recalls.campaign_25V359__unit,recalls.campaign_25V359__tier,recalls.campaign_25V359__conflict,recalls.campaign_25V359__source_url,recalls.campaign_25V359__access_date,recalls.campaign_25V410,recalls.campaign_25V410__unit,recalls.campaign_25V410__tier,recalls.campaign_25V410__conflict,recalls.campaign_25V410__source_url,recalls.campaign_25V410__access_date,recalls.campaign_25V490,recalls.campaign_25V490__unit,recalls.campaign_25V490__tier,recalls.campaign_25V490__conflict,recalls.campaign_25V490__source_url,recalls.campaign_25V490__access_date,recalls.campaign_25V606,recalls.campaign_25V606__unit,recalls.campaign_25V606__tier,recalls.campaign_25V606__conflict,recalls.campaign_25V606__source_url,recalls.campaign_25V606__access_date,recalls.campaign_25V658,recalls.campaign_25V658__unit,recalls.campaign_25V658__tier,recalls.campaign_25V658__conflict,recalls.campaign_25V658__source_url,recalls.campaign_25V658__access_date,recalls.campaign_25V669,recalls.campaign_25V669__unit,recalls.campaign_25V669__tier,recalls.campaign_25V669__conflict,recalls.campaign_25V669__source_url,recalls.campaign_25V669__access_date,recalls.campaign_25V690,recalls.campaign_25V690__unit,recalls.campaign_25V690__tier,recalls.campaign_25V690__conflict,recalls.campaign_25V690__source_url,recalls.campaign_25V690__access_date,recalls.campaign_25V704,recalls.campaign_25V704__unit,recalls.campaign_25V704__tier,recalls.campaign_25V704__conflict,recalls.campaign_25V704__source_url,recalls.campaign_25V704__access_date,recalls.campaign_25V835,recalls.campaign_25V835__unit,recalls.campaign_25V835__tier,recalls.campaign_25V835__conflict,recalls.campaign_25V835__source_url,recalls.campaign_25V835__access_date,recalls.campaign_25V855,recalls.campaign_25V855__unit,recalls.campaign_25V855__tier,recalls.campaign_25V855__conflict,recalls.campaign_25V855__source_url,recalls.campaign_25V855__access_date,recalls.campaign_25V878,recalls.campaign_25V878__unit,recalls.campaign_25V878__tier,recalls.campaign_25V878__conflict,recalls.campaign_25V878__source_url,recalls.campaign_25V878__access_date,recalls.campaign_26V017,recalls.campaign_26V017__unit,recalls.campaign_26V017__tier,recalls.campaign_26V017__conflict,recalls.campaign_26V017__source_url,recalls.campaign_26V017__access_date,recalls.campaign_26V018,recalls.campaign_26V018__unit,recalls.campaign_26V018__tier,recalls.campaign_26V018__conflict,recalls.campaign_26V018__source_url,recalls.campaign_26V018__access_date,recalls.campaign_26V019,recalls.campaign_26V019__unit,recalls.campaign_26V019__tier,recalls.campaign_26V019__conflict,recalls.campaign_26V019__source_url,recalls.campaign_26V019__access_date,recalls.campaign_26V047,recalls.campaign_26V047__unit,recalls.campaign_26V047__tier,recalls.campaign_26V047__conflict,recalls.campaign_26V047__source_url,recalls.campaign_26V047__access_date,recalls.campaign_26V068,recalls.campaign_26V068__unit,recalls.campaign_26V068__tier,recalls.campaign_26V068__conflict,recalls.campaign_26V068__source_url,recalls.campaign_26V068__access_date,recalls.campaign_26V114,recalls.campaign_26V114__unit,recalls.campaign_26V114__tier,recalls.campaign_26V114__conflict,recalls.campaign_26V114__source_url,recalls.campaign_26V114__access_date,recalls.campaign_26V136,recalls.campaign_26V136__unit,recalls.campaign_26V136__tier,recalls.campaign_26V136__conflict,recalls.campaign_26V136__source_url,recalls.campaign_26V136__access_date,recalls.campaign_26V188,recalls.campaign_26V188__unit,recalls.campaign_26V188__tier,recalls.campaign_26V188__conflict,recalls.campaign_26V188__source_url,recalls.campaign_26V188__access_date,recalls.campaign_26V192,recalls.campaign_26V192__unit,recalls.campaign_26V192__tier,recalls.campaign_26V192__conflict,recalls.campaign_26V192__source_url,recalls.campaign_26V192__access_date,recalls.campaign_26V193,recalls.campaign_26V193__unit,recalls.campaign_26V193__tier,recalls.campaign_26V193__conflict,recalls.campaign_26V193__source_url,recalls.campaign_26V193__access_date,recalls.campaign_26V218,recalls.campaign_26V218__unit,recalls.campaign_26V218__tier,recalls.campaign_26V218__conflict,recalls.campaign_26V218__source_url,recalls.campaign_26V218__access_date,recalls.campaign_26V278,recalls.campaign_26V278__unit,recalls.campaign_26V278__tier,recalls.campaign_26V278__conflict,recalls.campaign_26V278__source_url,recalls.campaign_26V278__access_date,recalls.campaign_26V315,recalls.campaign_26V315__unit,recalls.campaign_26V315__tier,recalls.campaign_26V315__conflict,recalls.campaign_26V315__source_url,recalls.campaign_26V315__access_date,recalls.campaign_26V425,recalls.campaign_26V425__unit,recalls.campaign_26V425__tier,recalls.campaign_26V425__conflict,recalls.campaign_26V425__source_url,recalls.campaign_26V425__access_date,recalls.campaign_26V445,recalls.campaign_26V445__unit,recalls.campaign_26V445__tier,recalls.campaign_26V445__conflict,recalls.campaign_26V445__source_url,recalls.campaign_26V445__access_date,recalls.campaign_26V508,recalls.campaign_26V508__unit,recalls.campaign_26V508__tier,recalls.campaign_26V508__conflict,recalls.campaign_26V508__source_url,recalls.campaign_26V508__access_date,recalls.campaign_26V540,recalls.campaign_26V540__unit,recalls.campaign_26V540__tier,recalls.campaign_26V540__conflict,recalls.campaign_26V540__source_url,recalls.campaign_26V540__access_date,recalls.campaign_26V558,recalls.campaign_26V558__unit,recalls.campaign_26V558__tier,recalls.campaign_26V558__conflict,recalls.campaign_26V558__source_url,recalls.campaign_26V558__access_date,recalls.campaign_26V597,recalls.campaign_26V597__unit,recalls.campaign_26V597__tier,recalls.campaign_26V597__conflict,recalls.campaign_26V597__source_url,recalls.campaign_26V597__access_date,recalls.campaign_count,recalls.campaign_count__unit,recalls.campaign_count__tier,recalls.campaign_count__conflict,recalls.campaign_count__source_url,recalls.campaign_count__access_date,recalls.listed_as_having_recalls,recalls.listed_as_having_recalls__unit,recalls.listed_as_having_recalls__tier,recalls.listed_as_having_recalls__conflict,recalls.listed_as_having_recalls__source_url,recalls.listed_as_having_recalls__access_date
lucid-air-pure-2026,Lucid,Air,Pure RWD (19in wheels),2026,lucid-air,DreamDrive Premium,,P,false,https://ir.lucidmotors.com/news-releases/news-release-details/all-lucid-airs-gain-access-23500-tesla-superchargers-2026-lucid,2026-09-29,16,,P,false,"https://lucidmotors.com/compare?vehicles=air-pure-2027,air-touring-2027,air-grand-touring-2027",2026-09-29,84,,P,false,https://lucidmotors.com/media/document/lucid-air-pure-technical-specs-2025.pdf,2026-10-02,unstated,,P,false,https://lucidmotors.com/media/document/lucid-air-pure-technical-specs-2025.pdf,2026-10-02,800V architecture,,S,false,https://ev-database.org/car/3271/Lucid-Air-Pure-RWD,2026-09-29,4564,,P,false,"https://lucidmotors.com/compare?vehicles=air-pure-2027,air-touring-2027,air-grand-touring-2027",2026-09-29,0.197,,P,false,http://web.archive.org/web/20260115144215/https://lucidmotors.com/air-pure,2026-09-29,55.4,,P,false,"https://lucidmotors.com/compare?vehicles=air-pure-2027,air-touring-2027,air-grand-touring-2027",2026-09-29,195.9,,P,false,"https://lucidmotors.com/compare?vehicles=air-pure-2027,air-touring-2027,air-grand-touring-2027",2026-09-29,116.5,,P,false,"https://lucidmotors.com/compare?vehicles=air-pure-2027,air-touring-2027,air-grand-touring-2027",2026-09-29,,,,,,,False,,P,false,https://ir.lucidmotors.com/news-releases/news-release-details/all-lucid-airs-gain-access-23500-tesla-superchargers-2026-lucid,2026-09-29,19.2,,P,false,"https://lucidmotors.com/compare?vehicles=air-pure-2027,air-touring-2027,air-grand-touring-2027",2026-09-29,250,,P,false,"https://lucidmotors.com/compare?vehicles=air-pure-2027,air-touring-2027,air-grand-touring-2027",2026-09-29,CCS1,,P,false,https://ir.lucidmotors.com/news-releases/news-release-details/all-lucid-airs-gain-access-23500-tesla-superchargers-2026-lucid,2026-09-29,200,,P,false,http://web.archive.org/web/20260115144215/https://lucidmotors.com/air-pure,2026-09-29,16,,P,false,http://web.archive.org/web/20260115144215/https://lucidmotors.com/air-pure,2026-09-29,,,,,,,12.5,mi/min,D,false,,2026-09-29,,,,,,,23.141,,P,false,https://www.fueleconomy.gov/ws/rest/vehicle/49969,2026-09-29,146,,P,false,https://www.fueleconomy.gov/ws/rest/vehicle/49969,2026-09-29,420,,P,false,https://www.fueleconomy.gov/ws/rest/vehicle/49969,2026-09-29,70900,,P,false,https://ir.lucidmotors.com/news-releases/news-release-details/all-lucid-airs-gain-access-23500-tesla-superchargers-2026-lucid,2026-09-29,4.5,,P,false,http://web.archive.org/web/20260115144215/https://lucidmotors.com/air-pure,2026-09-29,RWD,,P,false,http://web.archive.org/web/20260115144215/https://lucidmotors.com/air-pure,2026-09-29,330 kW ACPM,,P,false,https://www.fueleconomy.gov/ws/rest/vehicle/49969,2026-09-29,1,,P,false,"https://lucidmotors.com/compare?vehicles=air-pure-2027,air-touring-2027,air-grand-touring-2027",2026-09-29,PM_synchronous,,P,false,"https://lucidmotors.com/compare?vehicles=air-pure-2027,air-touring-2027,air-grand-touring-2027",2026-09-29,430,,P,false,http://web.archive.org/web/20260115144215/https://lucidmotors.com/air-pure,2026-09-29,550,Nm,S,false,https://ev-database.org/car/3271/Lucid-Air-Pure-RWD,2026-09-29,,,,,,,,,,,,,,,,,,,,,,,,,,,,,,,,,,,,,POWER TRAIN:DRIVELINE:DRIVESHAFT: Improperly secured bolts may allow the half-shaft to disconnect from the drive unit.,,P,false,https://api.nhtsa.gov/recalls/recallsByVehicle?make=LUCID&model=AIR&modelYear=2026,2026-09-29,,,,,,,,,,,,,,,,,,,,,,,,,,,,,,,BACK OVER PREVENTION:SOFTWARE: The rearview camera image may not display when the vehicle is placed in reverse.,,P,false,https://api.nhtsa.gov/recalls/recallsByVehicle?make=LUCID&model=AIR&modelYear=2026,2026-09-29,,,,,,,,,,,,,,,,,,,,,,,,,,,,,,,,,,,,,,,,,,,,,,,,,POWER TRAIN:DRIVELINE:DRIVESHAFT: Improperly secured bolts may allow the half-shaft to disconnect from the drive unit.,,P,false,https://api.nhtsa.gov/recalls/recallsByVehicle?make=LUCID&model=AIR&modelYear=2026,2026-09-29,,,,,,,,,,,,,,,,,,,,,,,,,,,,,,,,,,,,,"ELECTRICAL SYSTEM:SOFTWARE: The exterior lighting circuit may have insufficient overcurrent protection, allowing the circuit to overheat.",,P,false,https://api.nhtsa.gov/recalls/recallsByVehicle?make=LUCID&model=AIR&modelYear=2026,2026-09-29,,,,,,,,,,,,,4,,P,false,https://api.nhtsa.gov/recalls/recallsByVehicle?make=LUCID&model=AIR&modelYear=2026,2026-09-29,,,,,,
tesla-model-y-premium-rwd-2026,Tesla,Model Y,Premium RWD,2026,tesla-model-y,,,,,,,,,,,,,,,,,,,,,,,,,,,,,,,4184,,P,false,https://www.tesla.com/modely,2026-09-29,,,,,,,63.9,,P,false,https://www.tesla.com/modely,2026-09-29,188.6,,P,false,https://www.tesla.com/modely,2026-09-29,,,,,,,,,,,,,,,,,,,,,,,,,250,,P,false,https://www.tesla.com/modely,2026-09-29,NACS,,P,false,https://www.tesla.com/blog/opening-north-american-charging-standard,2026-10-02,182,,P,false,https://www.tesla.com/modely,2026-09-29,15,,P,false,https://www.tesla.com/modely,2026-09-29,,,,,,,12.13,mi/min,D,false,,2026-09-29,,,,,,,25.2252,,P,false,https://www.fueleconomy.gov/ws/rest/vehicle/49743,2026-09-29,134,,P,false,https://www.fueleconomy.gov/ws/rest/vehicle/49743,2026-09-29,357,,P,false,https://www.fueleconomy.gov/ws/rest/vehicle/49743,2026-09-29,44990,,S,false,https://www.chevrolet.com/electric/equinox-ev-vs-tesla-model-y-premium,2026-10-02,5.4,,P,false,https://www.tesla.com/modely,2026-09-29,RWD,,P,false,https://www.tesla.com/modely,2026-09-29,228 and 243 kW ACPM,,P,false,https://www.fueleconomy.gov/ws/rest/vehicle/49743,2026-09-29,,,,,,,,,,,,,,,,,,,,,,,,,,,,,,,"VISIBILITY:WINDSHIELD WIPER/WASHER:LINKAGES: The hose connector may block the windshield washer nozzles, preventing washer fluid from reaching the windshield.",,P,false,https://api.nhtsa.gov/recalls/recallsByVehicle?make=TESLA&model=MODEL%20Y&modelYear=2026,2026-09-29,SEATS:CRITICAL FASTENERS: The fasteners attaching the seat back to the seat bottom may have been improperly tightened.,,P,false,https://api.nhtsa.gov/recalls/recallsByVehicle?make=TESLA&model=MODEL%20Y&modelYear=2026,2026-09-29,"ELECTRICAL SYSTEM:HORN: The ring terminal of the horn ground wire may be improperly secured, allowing the circuit to open and preventing the horn from sounding.",,P,false,https://api.nhtsa.gov/recalls/recallsByVehicle?make=TESLA&model=MODEL%20Y&modelYear=2026,2026-09-29,,,,,,,"ELECTRICAL SYSTEM:WIRING: The reverse lights may fail to illuminate while the vehicle is in reverse, due to a defect in the wiring.",,P,false,https://api.nhtsa.gov/recalls/recallsByVehicle?make=TESLA&model=MODEL%20Y&modelYear=2026,2026-09-29,,,,,,,"ELECTRICAL SYSTEM:PROPULSION SYSTEM:FUSES, RELAYS, CONTACTS, AND SHUNTS: The battery pack contactors may fail, causing a loss of drive power.",,P,false,https://api.nhtsa.gov/recalls/recallsByVehicle?make=TESLA&model=MODEL%20Y&modelYear=2026,2026-09-29,,,,,,,,,,,,,,,,,,,,,,,,,,,,,,,,,,,,,,,,,,,,,,,,,,,,,,,,,,,,,,,,,,,,,,,,,,,,,,,,,,,,,,,,,,,,,,,,,EQUIPMENT:OTHER:LABELS: The certification label may not have been installed.,,P,false,https://api.nhtsa.gov/recalls/recallsByVehicle?make=TESLA&model=MODEL%20Y&modelYear=2026,2026-09-29,,,,,,,"STRUCTURE:BODY:BUMPERS: The vehicles were originally built for a foreign market and do not have knee air bags, may not be equipped with certain interior safety countermeasures, and may not have been tested for bumper impact resistance procedures.",,P,false,https://api.nhtsa.gov/recalls/recallsByVehicle?make=TESLA&model=MODEL%20Y&modelYear=2026,2026-09-29,,,,,,,,,,,,,"SUSPENSION:CRITICAL FASTENERS: One or more front suspension lateral link fasteners may not have been properly tightened, allowing the lateral link to loosen or separate from the sub-frame.",,P,false,https://api.nhtsa.gov/recalls/recallsByVehicle?make=TESLA&model=MODEL%20Y&modelYear=2026,2026-09-29,,,,,,,8,,P,false,https://api.nhtsa.gov/recalls/recallsByVehicle?make=TESLA&model=MODEL%20Y&modelYear=2026,2026-09-29,,,,,,
tesla-model-3-2026,Tesla,Model 3,Standard RWD,2026,tesla-model-3,,,,,,,,,,,,,69.5,,S,false,https://greencarscompare.com/assets/pdf/specs/us/299074.pdf,2026-10-02,usable,,S,false,https://greencarscompare.com/assets/pdf/specs/us/299074.pdf,2026-10-02,,,,,,,3759,,P,false,https://web.archive.org/web/20260413083357/https://www.tesla.com/model3,2026-10-02,,,,,,,56.7,,P,false,https://web.archive.org/web/20260413083357/https://www.tesla.com/model3,2026-10-02,185.8,,P,false,https://web.archive.org/web/20260413083357/https://www.tesla.com/model3,2026-10-02,113.2,,S,false,https://greencarscompare.com/assets/pdf/specs/us/299074.pdf,2026-10-02,82.2,,P,true,https://web.archive.org/web/20260413083357/https://www.tesla.com/model3,2026-10-02,,,,,,,7.7,,S,false,https://greencarscompare.com/assets/pdf/specs/us/299074.pdf,2026-10-02,225,,P,false,https://web.archive.org/web/20260413083357/https://www.tesla.com/model3,2026-10-02,NACS,,S,false,https://greencarscompare.com/assets/pdf/specs/us/299074.pdf,2026-10-02,,,,,,,,,,,,,21.65,kWh/100mi,D,false,,2026-10-02,,,,,,,18.49,Wh/lb,D,false,,2026-10-02,24.3033,,P,false,https://www.fueleconomy.gov/ws/rest/vehicle/50251,2026-09-29,139,,P,false,https://www.fueleconomy.gov/ws/rest/vehicle/50251,2026-09-29,321,,P,false,https://www.fueleconomy.gov/ws/rest/vehicle/50251,2026-09-29,38630,,P,true,https://web.archive.org/web/20260413083357/https://www.tesla.com/model3,2026-10-02,5.8,,P,false,https://web.archive.org/web/20260413083357/https://www.tesla.com/model3,2026-10-02,RWD,,P,false,https://www.fueleconomy.gov/ws/rest/vehicle/50251,2026-09-29,225 kW ACPM 3-Phase,,P,false,https://www.fueleconomy.gov/ws/rest/vehicle/50251,2026-09-29,,,,,,,,,,,,,315,,S,false,https://greencarscompare.com/assets/pdf/specs/us/299074.pdf,2026-10-02,,,,,,,,,,,,,,,,,,,SEATS:CRITICAL FASTENERS: The fasteners attaching the seat back to the seat bottom may have been improperly tightened.,,P,false,https://api.nhtsa.gov/recalls/recallsByVehicle?make=TESLA&model=MODEL%203&modelYear=2026,2026-09-29,,,,,,,,,,,,,,,,,,,,,,,,,,,,,,,,,,,,,,,,,,,,,,,,,,,,,,,,,,,,,,,,,,,,,,,,,,,,,,,,,,,,,,,,,,,,,,,,,,,,,,,,,,,,,,,,,,,,,,,,,,,,,,,,,,,,,,,,,,,,,,,,,,,,,,,,,,,,,,,,,,,,,,,,,1,,P,false,https://api.nhtsa.gov/recalls/recallsByVehicle?make=TESLA&model=MODEL%203&modelYear=2026,2026-09-29,,,,,,
tesla-model-s-2026,Tesla,Model S,AWD (non-Plaid),2026,tesla-model-s,,,,,,,,,,,,,100,,S,false,https://www.kbb.com/tesla/model-s/2026/specs/,2026-10-02,unstated,,S,false,https://www.kbb.com/tesla/model-s/2026/specs/,2026-10-02,,,,,,,4561,,P,true,https://web.archive.org/web/20260122131939/https://www.tesla.com/models,2026-10-02,,,,,,,56.3,,S,false,https://www.kbb.com/tesla/model-s/2026/specs/,2026-10-02,197.7,,S,false,https://www.kbb.com/tesla/model-s/2026/specs/,2026-10-02,116.5,,S,false,https://www.kbb.com/tesla/model-s/2026/specs/,2026-10-02,86.2,,S,false,https://www.kbb.com/tesla/model-s/2026/specs/,2026-10-02,,,,,,,,,,,,,250,,P,false,https://web.archive.org/web/20260122131939/https://www.tesla.com/models,2026-10-02,NACS,,P,false,https://www.tesla.com/blog/opening-north-american-charging-standard,2026-10-02,,,,,,,,,,,,,,,,,,,,,,,,,,,,,,,27.1309,,P,false,https://www.fueleconomy.gov/ws/rest/vehicle/49741,2026-09-29,124,,P,false,https://www.fueleconomy.gov/ws/rest/vehicle/49741,2026-09-29,410,,P,false,https://www.fueleconomy.gov/ws/rest/vehicle/49741,2026-09-29,94990,,P,true,https://www.fueleconomy.gov/feg/Find.do?action=sbs&id=49741,2026-10-02,3.1,,P,false,https://web.archive.org/web/20260122131939/https://www.tesla.com/models,2026-10-02,AWD,,P,false,https://www.fueleconomy.gov/ws/rest/vehicle/49741,2026-09-29,243 and 248 kW ACPM 3-Phase,,P,false,https://www.fueleconomy.gov/ws/rest/vehicle/49741,2026-09-29,,,,,,,,,,,,,670,,P,false,https://web.archive.org/web/20260122131939/https://www.tesla.com/models,2026-10-02,,,,,,,,,,,,,,,,,,,,,,,,,,,,,,,,,,,,,,,,,,,,,,,,,,,,,,,,,,,,,,,,,,,,,,,,,,,,,,,,,,,,,,,,,,,,,,,,,,,,,,,,,,,,,,,,,,,,,,,,,,,,,,,,,,,,,,,,,,,,,,,,,,,,,,,,,,,,,,,,,,,,,,,,,,,,,,,,,,,,,,,,,,,,,,,,,0,,P,false,https://static.nhtsa.gov/odi/ffdd/rcl/FLAT_RCL_POST_2010.zip,2026-09-29,True,,P,false,https://api.nhtsa.gov/products/vehicle/models?modelYear=2026&make=tesla&issueType=r,2026-09-29
lucid-gravity-2026,Lucid,Gravity,Touring (20in front / 21in rear wheels),2026,lucid-gravity,,,,,,,,,,,,,89,,P,false,http://web.archive.org/web/20251121000000/https://ir.lucidmotors.com/news-releases/news-release-details/lucid-gravity-touring-luxury-electric-suv-designed-without,2026-10-02,unstated,,P,false,http://web.archive.org/web/20251121000000/https://ir.lucidmotors.com/news-releases/news-release-details/lucid-gravity-touring-luxury-electric-suv-designed-without,2026-10-02,,,,,,,,,,,,,,,,,,,65.2,,P,false,https://lucidmotors.com/gravity,2026-10-02,198.2,,P,false,https://lucidmotors.com/gravity,2026-10-02,119.5,,P,false,https://lucidmotors.com/gravity,2026-10-02,,,,,,,,,,,,,,,,,,,300,,P,false,http://web.archive.org/web/20251121000000/https://ir.lucidmotors.com/news-releases/news-release-details/lucid-gravity-touring-luxury-electric-suv-designed-without,2026-10-02,NACS,,P,false,http://web.archive.org/web/20251121000000/https://ir.lucidmotors.com/news-releases/news-release-details/lucid-gravity-touring-luxury-electric-suv-designed-without,2026-10-02,,,,,,,,,,,,,,,,,,,,,,,,,,,,,,,30.3355,,P,false,https://www.fueleconomy.gov/ws/rest/vehicle/50221,2026-09-29,111,,P,false,https://www.fueleconomy.gov/ws/rest/vehicle/50221,2026-09-29,337,,P,false,https://www.fueleconomy.gov/ws/rest/vehicle/50221,2026-09-29,79900,,P,false,http://web.archive.org/web/20251121000000/https://ir.lucidmotors.com/news-releases/news-release-details/lucid-gravity-touring-luxury-electric-suv-designed-without,2026-10-02,4.0,,P,false,http://web.archive.org/web/20251121000000/https://ir.lucidmotors.com/news-releases/news-release-details/lucid-gravity-touring-luxury-electric-suv-designed-without,2026-10-02,AWD,,P,false,https://www.fueleconomy.gov/ws/rest/vehicle/50221,2026-09-29,399 kW ACPM,,P,false,https://www.fueleconomy.gov/ws/rest/vehicle/50221,2026-09-29,,,,,,,,,,,,,560,,P,false,http://web.archive.org/web/20251121000000/https://ir.lucidmotors.com/news-releases/news-release-details/lucid-gravity-touring-luxury-electric-suv-designed-without,2026-10-02,,,,,,,,,,,,,,,,,,,,,,,,,,,,,,,,,,,,,,,,,,,,,,,,,,,,,,,,,,,,,,,,,,,"SEATS: Incorrect backrest covers may have been installed on the front seats, preventing the side air bags from deploying correctly.",,P,false,https://api.nhtsa.gov/recalls/recallsByVehicle?make=LUCID&model=GRAVITY&modelYear=2026,2026-09-29,,,,,,,,,,,,,BACK OVER PREVENTION:SOFTWARE: The rearview camera image may not display when the vehicle is placed in reverse.,,P,false,https://api.nhtsa.gov/recalls/recallsByVehicle?make=LUCID&model=GRAVITY&modelYear=2026,2026-09-29,,,,,,,,,,,,,,,,,,,,,,,,,,,,,,,,,,,,,"SEATS: The lap belt anchor brackets on the second row seats may have insufficient welds, which can cause bracket failure.",,P,false,https://api.nhtsa.gov/recalls/recallsByVehicle?make=LUCID&model=GRAVITY&modelYear=2026,2026-09-29,,,,,,,,,,,,,,,,,,,,,,,,,,,,,,,,,,,,,,,,,,,,,,,,,,,,,,,,,,,,,3,,P,false,https://api.nhtsa.gov/recalls/recallsByVehicle?make=LUCID&model=GRAVITY&modelYear=2026,2026-09-29,,,,,,
rivian-r1t-2026,Rivian,R1T,Dual Standard (20in wheels),2026,rivian-r1,,,,,,,,,,,,,95.6,,P,true,https://rivian.com/support/article/what-are-the-battery-specifications-on-rivian-vehicles,2026-10-02,unstated,,P,true,https://rivian.com/support/article/what-are-the-battery-specifications-on-rivian-vehicles,2026-10-02,,,,,,,6772,,S,false,https://www.caranddriver.com/rivian/r1t/specs,2026-10-02,,,,,,,,,,,,,217.1,,P,false,https://rivian.com/support/article/what-is-the-bumper-to-bumper-length,2026-10-02,135.8,,P,false,https://rivian.com/support/article/what-is-the-wheelbase-length,2026-10-02,81.8,,P,false,https://rivian.com/support/article/what-is-the-vehicle-width-with-the-side-mirrors-folded,2026-10-02,,,,,,,,,,,,,,,,,,,NACS,,P,false,https://rivian.com/support/article/what-charging-networks-are-rivian-vehicles-compatible-with,2026-10-02,,,,,,,,,,,,,,,,,,,,,,,,,,,,,,,42.8683,,P,false,https://www.fueleconomy.gov/ws/rest/vehicle/49692,2026-09-29,79,,P,false,https://www.fueleconomy.gov/ws/rest/vehicle/49692,2026-09-29,258,,P,false,https://www.fueleconomy.gov/ws/rest/vehicle/49692,2026-09-29,74885,,S,false,https://www.caranddriver.com/rivian/r1t/specs,2026-10-02,4.5,,P,false,https://assets.rivian.com/2md5qhoeajym/3UpbsXT5cIL6fLVALlqCaa/717108f8874ef00015d83ac8cf9ba7c7/R1T-Compare-06-04-24.pdf,2026-10-02,AWD,,P,false,https://www.fueleconomy.gov/ws/rest/vehicle/49692,2026-09-29,208 kW ACPM,,P,false,https://www.fueleconomy.gov/ws/rest/vehicle/49692,2026-09-29,,,,,,,,,,,,,533,,P,false,https://assets.rivian.com/2md5qhoeajym/3UpbsXT5cIL6fLVALlqCaa/717108f8874ef00015d83ac8cf9ba7c7/R1T-Compare-06-04-24.pdf,2026-10-02,,,,,,,,,,,,,,,,,,,,,,,,,,,,,,,,,,,,,,,,,,,,,,,,,,,,,,,,,,,,,,,,,,,,,,,,,,,,,,,,,,,,,,,,,,,,,,,,,,,,,,,,,,,,,,,,,,,,,,,,,,,,,,,,,,,,,,,,,,,,,,,,,,,,,,,,,,,,,,,,,,,,,,,,,EXTERIOR LIGHTING:TURN SIGNAL: One or both front turn signals may fail to illuminate and flash.,,P,false,https://api.nhtsa.gov/recalls/recallsByVehicle?make=RIVIAN&model=R1T&modelYear=2026,2026-09-29,,,,,,,,,,,,,BACK OVER PREVENTION:SOFTWARE: The rearview camera image may be obstructed by a notification when in reverse.,,P,false,https://api.nhtsa.gov/recalls/recallsByVehicle?make=RIVIAN&model=R1T&modelYear=2026,2026-09-29,2,,P,false,https://api.nhtsa.gov/recalls/recallsByVehicle?make=RIVIAN&model=R1T&modelYear=2026,2026-09-29,,,,,,
rivian-r2-2027,Rivian,R2,Performance AWD (20in all-terrain wheels),2027,rivian-r2,,,,,,,,,,,,,88,,P,false,https://rivian.com/support/article/what-is-the-usable-kwh-capacity-of-your-batteries,2026-10-02,usable,,P,false,https://rivian.com/support/article/what-is-the-usable-kwh-capacity-of-your-batteries,2026-10-02,,,,,,,4985,,S,false,https://www.caranddriver.com/reviews/a73308571/2027-rivian-r2-performance-awd-launch-edition-test/,2026-10-02,,,,,,,66.9,,P,false,https://rivian.com/r2,2026-10-02,185.9,,P,false,https://rivian.com/r2,2026-10-02,115.6,,P,false,https://rivian.com/r2,2026-10-02,78.1,,P,false,https://rivian.com/r2,2026-10-02,,,,,,,,,,,,,230,,S,false,https://www.caranddriver.com/reviews/a73308571/2027-rivian-r2-performance-awd-launch-edition-test/,2026-10-02,NACS,,P,false,https://rivian.com/r2,2026-10-02,,,,,,,,,,,,,28.66,kWh/100mi,D,false,,2026-10-02,,,,,,,,,,,,,34.0963,,P,false,https://www.fueleconomy.gov/ws/rest/vehicle/50390,2026-09-29,99,,P,false,https://www.fueleconomy.gov/ws/rest/vehicle/50390,2026-09-29,307,,P,false,https://www.fueleconomy.gov/ws/rest/vehicle/50390,2026-09-29,57990,,P,false,https://rivian.com/stories/r2-builder-live,2026-10-02,3.6,,P,false,https://rivian.com/stories/r2-builder-live,2026-10-02,AWD,,P,false,https://www.fueleconomy.gov/ws/rest/vehicle/50390,2026-09-29,300 kW ACPM,,P,false,https://www.fueleconomy.gov/ws/rest/vehicle/50390,2026-09-29,,,,,,,,,,,,,656,,P,false,https://rivian.com/stories/r2-builder-live,2026-10-02,,,,,,,,,,,,,,,,,,,,,,,,,,,,,,,,,,,,,,,,,,,,,,,,,,,,,,,,,,,,,,,,,,,,,,,,,,,,,,,,,,,,,,,,,,,,,,,,,,,,,,,,,,,,,,,,,,,,,,,,,,,,,,,,,,,,,,,,,,,,,,,,,,,,,,,,,,,,,,,,,,,,,,,,,,,,,,,,,,,,,,,,,,,BACK OVER PREVENTION:SOFTWARE: The rearview camera image may be obstructed by a notification when in reverse.,,P,false,https://api.nhtsa.gov/recalls/recallsByVehicle?make=RIVIAN&model=R2&modelYear=2027,2026-09-29,1,,P,false,https://api.nhtsa.gov/recalls/recallsByVehicle?make=RIVIAN&model=R2&modelYear=2027,2026-09-29,,,,,,
hyundai-ioniq5-2026,Hyundai,Ioniq 5,Standard Range RWD,2026,hyundai-ioniq5,,,,,,,,,,,,,63,,P,false,https://www.hyundaiusa.com/us/en/vehicles/2026-ioniq-5/compare-specs,2026-10-02,unstated,,P,false,https://www.hyundaiusa.com/us/en/vehicles/2026-ioniq-5/compare-specs,2026-10-02,,,,,,,4145,,P,false,https://www.hyundaiusa.com/us/en/vehicles/2026-ioniq-5/compare-specs,2026-10-02,,,,,,,63,,P,false,https://www.hyundaiusa.com/us/en/vehicles/2026-ioniq-5/compare-specs,2026-10-02,183.3,,P,false,https://www.hyundaiusa.com/us/en/vehicles/2026-ioniq-5/compare-specs,2026-10-02,118.1,,P,false,https://www.hyundaiusa.com/us/en/vehicles/2026-ioniq-5/compare-specs,2026-10-02,74.4,,P,false,https://www.hyundaiusa.com/us/en/vehicles/2026-ioniq-5/compare-specs,2026-10-02,,,,,,,,,,,,,350,,P,false,https://www.hyundaiusa.com/us/en/vehicles/2026-ioniq-5/compare-specs,2026-10-02,NACS,,P,false,https://www.hyundaiusa.com/us/en/vehicles/2026-ioniq-5/compare-specs,2026-10-02,,,,,,,,,,,,,,,,,,,,,,,,,,,,,,,29.0,,P,false,https://www.fueleconomy.gov/ws/rest/vehicle/49961,2026-09-29,115,,P,false,https://www.fueleconomy.gov/ws/rest/vehicle/49961,2026-09-29,245,,P,false,https://www.fueleconomy.gov/ws/rest/vehicle/49961,2026-09-29,35000,,P,false,https://www.hyundaiusa.com/us/en/vehicles/2026-ioniq-5/compare-specs,2026-10-02,,,,,,,RWD,,P,false,https://www.fueleconomy.gov/ws/rest/vehicle/49961,2026-09-29,125 kW PMSM,,P,false,https://www.fueleconomy.gov/ws/rest/vehicle/49961,2026-09-29,,,,,,,,,,,,,168,,P,false,https://www.hyundaiusa.com/us/en/vehicles/2026-ioniq-5/compare-specs,2026-10-02,,,,,,,,,,,,,,,,,,,,,,,,,,,,,,,,,,,,,,,,,,,,,,,,,,,,,,,,,,,,,,,,,,,,,,,,,,,,,,,,,,,,,,,,,,,,,,,,,"ELECTRICAL SYSTEM: INSTRUMENT CLUSTER/PANEL: Due to a software error, the instrument panel display may fail.",,P,false,https://api.nhtsa.gov/recalls/recallsByVehicle?make=HYUNDAI&model=IONIQ%205&modelYear=2026,2026-09-29,"ELECTRICAL SYSTEM:PROPULSION SYSTEM:TRACTION BATTERY: The high voltage battery system may contain an improperly tightened bus bar, which can cause a short-circuit.",,P,false,https://api.nhtsa.gov/recalls/recallsByVehicle?make=HYUNDAI&model=IONIQ%205&modelYear=2026,2026-09-29,,,,,,,,,,,,,,,,,,,,,,,,,,,,,,,,,,,,,,,,,,,,,,,,,,,,,,,,,,,,,,,,,,,,,,,,,,,,,,,,,,,,,2,,P,false,https://api.nhtsa.gov/recalls/recallsByVehicle?make=HYUNDAI&model=IONIQ%205&modelYear=2026,2026-09-29,,,,,,
hyundai-ioniq6-2025,Hyundai,Ioniq 6,Standard Range,2025,hyundai-ioniq6,,,,,,,,,,,,,53.0,,P,false,https://www.hyundaiusa.com/us/en/vehicles/ioniq-6/compare-specs,2026-10-02,unstated,,P,false,https://www.hyundaiusa.com/us/en/vehicles/ioniq-6/compare-specs,2026-10-02,,,,,,,3395,,P,true,https://www.hyundaiusa.com/us/en/vehicles/ioniq-6/compare-specs,2026-10-02,,,,,,,58.9,,P,false,https://www.hyundaiusa.com/us/en/vehicles/ioniq-6/compare-specs,2026-10-02,191.1,,P,false,https://www.hyundaiusa.com/us/en/vehicles/ioniq-6/compare-specs,2026-10-02,116.1,,P,false,https://www.hyundaiusa.com/us/en/vehicles/ioniq-6/compare-specs,2026-10-02,74.0,,P,false,https://www.hyundaiusa.com/us/en/vehicles/ioniq-6/compare-specs,2026-10-02,,,,,,,10.9,,P,false,https://www.hyundainews.com/assets/documents/original/64772-2025IONIQ6SpecsFeatures011525.pdf,2026-10-02,350,,P,false,https://www.hyundainews.com/assets/documents/original/64772-2025IONIQ6SpecsFeatures011525.pdf,2026-10-02,,,,,,,,,,,,,,,,,,,,,,,,,,,,,,,,,,,,,25.0,,P,false,https://www.fueleconomy.gov/ws/rest/vehicle/48364,2026-09-29,135,,P,false,https://www.fueleconomy.gov/ws/rest/vehicle/48364,2026-09-29,240,,P,false,https://www.fueleconomy.gov/ws/rest/vehicle/48364,2026-09-29,37850,,P,false,https://www.hyundaiusa.com/us/en/vehicles/ioniq-6/compare-specs,2026-10-02,,,,,,,RWD,,P,false,https://www.fueleconomy.gov/ws/rest/vehicle/48364,2026-09-29,111 kW PMSM,,P,false,https://www.fueleconomy.gov/ws/rest/vehicle/48364,2026-09-29,,,,,,,,,,,,,149,,P,false,https://www.hyundaiusa.com/us/en/vehicles/ioniq-6/compare-specs,2026-10-02,,,,,,,"ELECTRICAL SYSTEM:12V/24V/48V BATTERY: The Integrated Charging Control Unit (ICCU) may become damaged and stop charging the 12-volt battery, which can result in a loss of drive power.",,P,false,https://api.nhtsa.gov/recalls/recallsByVehicle?make=HYUNDAI&model=IONIQ%206&modelYear=2025,2026-09-29,,,,,,,,,,,,,,,,,,,ELECTRICAL SYSTEM:PROPULSION SYSTEM:CHARGING:PORT: The charging port door panel may detach.,,P,false,https://api.nhtsa.gov/recalls/recallsByVehicle?make=HYUNDAI&model=IONIQ%206&modelYear=2025,2026-09-29,,,,,,,,,,,,,,,,,,,,,,,,,,,,,,,,,,,,,,,,,,,,,,,,,,,,,,,,,,,,,,,,,,,,,,,,,,,,,,,,,,,,,,,,,,,,,,,,,,,,,,,SEAT BELTS:FRONT:ANCHORAGE: The driver and passenger seat belt anchors may detach.,,P,false,https://api.nhtsa.gov/recalls/recallsByVehicle?make=HYUNDAI&model=IONIQ%206&modelYear=2025,2026-09-29,,,,,,,,,,,,,,,,,,,,,,,,,,,,,,,,,,,,,,,,,,,,,,,,,3,,P,false,https://api.nhtsa.gov/recalls/recallsByVehicle?make=HYUNDAI&model=IONIQ%206&modelYear=2025,2026-09-29,,,,,,
kia-ev6-2026,Kia,EV6,Standard Range RWD,2026,kia-ev6,,,,,,,,,,,,,63.0,,P,false,https://www.kia.com/us/en/ev6/specs-compare,2026-10-02,unstated,,P,false,https://www.kia.com/us/en/ev6/specs-compare,2026-10-02,,,,,,,4132,,P,false,https://www.kia.com/us/en/ev6/specs-compare,2026-10-02,,,,,,,60.8,,P,false,https://www.kia.com/us/en/ev6/specs-compare,2026-10-02,184.8,,P,false,https://www.kia.com/us/en/ev6/specs-compare,2026-10-02,114.2,,P,false,https://www.kia.com/us/en/ev6/specs-compare,2026-10-02,74.0,,P,false,https://www.kia.com/us/en/ev6/specs-compare,2026-10-02,,,,,,,10.9,,P,false,https://www.kia.com/us/en/ev6/specs-compare,2026-10-02,,,,,,,NACS,,P,false,https://www.kia.com/us/en/ev6/specs-compare,2026-10-02,,,,,,,,,,,,,,,,,,,,,,,,,,,,,,,29.2248,,P,false,https://www.fueleconomy.gov/ws/rest/vehicle/50215,2026-09-29,115,,P,false,https://www.fueleconomy.gov/ws/rest/vehicle/50215,2026-09-29,237,,P,false,https://www.fueleconomy.gov/ws/rest/vehicle/50215,2026-09-29,37900,,P,false,https://www.kia.com/us/en/ev6/specs-compare,2026-10-02,8.3,,P,false,https://www.kia.com/us/en/ev6/specs-compare,2026-10-02,RWD,,P,false,https://www.fueleconomy.gov/ws/rest/vehicle/50215,2026-09-29,125  kW PMSM,,P,false,https://www.fueleconomy.gov/ws/rest/vehicle/50215,2026-09-29,,,,,,,,,,,,,167,,P,false,https://www.kia.com/us/en/ev6/specs-compare,2026-10-02,,,,,,,,,,,,,,,,,,,,,,,,,,,,,,,,,,,,,,,,,,,,,,,,,,,,,,,,,,,,,,,,,,,,,,,,,,,,,,,,,,,,,,,,,,,,,,,,,,,,,,,,,,,,,,,,,,,,,,,,,,,,,,,,,,,,,,,,,,,,,,,,,,,,,,,,,,,,,,,,,,,,,,,,,,,,,,,,,,,,,,,,,,,,,,,,,0,,P,false,https://static.nhtsa.gov/odi/ffdd/rcl/FLAT_RCL_POST_2010.zip,2026-09-29,,,,,,
porsche-taycan-2026,Porsche,Taycan,"Base (RWD, Performance Battery)",2026,porsche-taycan,,,,,,,,,,,,,89.0,,P,false,https://newsroom.porsche.com/dam/jcr:d4c6c8d5-14cc-46be-9707-3dae22d89e60/20260106_TaycanTechSpecs.pdf,2026-10-02,gross,,P,false,https://newsroom.porsche.com/dam/jcr:d4c6c8d5-14cc-46be-9707-3dae22d89e60/20260106_TaycanTechSpecs.pdf,2026-10-02,,,,,,,4630,,P,false,https://newsroom.porsche.com/dam/jcr:d4c6c8d5-14cc-46be-9707-3dae22d89e60/20260106_TaycanTechSpecs.pdf,2026-10-02,,,,,,,54.2,,P,false,https://newsroom.porsche.com/dam/jcr:d4c6c8d5-14cc-46be-9707-3dae22d89e60/20260106_TaycanTechSpecs.pdf,2026-10-02,195.4,,P,false,https://newsroom.porsche.com/dam/jcr:d4c6c8d5-14cc-46be-9707-3dae22d89e60/20260106_TaycanTechSpecs.pdf,2026-10-02,114.2,,P,false,https://newsroom.porsche.com/dam/jcr:d4c6c8d5-14cc-46be-9707-3dae22d89e60/20260106_TaycanTechSpecs.pdf,2026-10-02,77.4,,P,false,https://newsroom.porsche.com/dam/jcr:d4c6c8d5-14cc-46be-9707-3dae22d89e60/20260106_TaycanTechSpecs.pdf,2026-10-02,,,,,,,9.6,,P,false,https://newsroom.porsche.com/dam/jcr:d4c6c8d5-14cc-46be-9707-3dae22d89e60/20260106_TaycanTechSpecs.pdf,2026-10-02,320,,P,false,https://newsroom.porsche.com/dam/jcr:d4c6c8d5-14cc-46be-9707-3dae22d89e60/20260106_TaycanTechSpecs.pdf,2026-10-02,CCS1,,P,false,https://newsroom.porsche.com/en_US/2025/products/dedicated-to-choice-porsche-owners-can-now-access-the-tesla-supercharger-network.html,2026-10-02,,,,,,,,,,,,,,,,,,,,,,,,,,,,,,,37.0713,,P,false,https://www.fueleconomy.gov/ws/rest/vehicle/50242,2026-09-29,91,,P,false,https://www.fueleconomy.gov/ws/rest/vehicle/50242,2026-09-29,274,,P,false,https://www.fueleconomy.gov/ws/rest/vehicle/50242,2026-09-29,105800,,P,false,https://newsroom.porsche.com/dam/jcr:d4c6c8d5-14cc-46be-9707-3dae22d89e60/20260106_TaycanTechSpecs.pdf,2026-10-02,4.5,,P,false,https://newsroom.porsche.com/dam/jcr:d4c6c8d5-14cc-46be-9707-3dae22d89e60/20260106_TaycanTechSpecs.pdf,2026-10-02,RWD,,P,false,https://www.fueleconomy.gov/ws/rest/vehicle/50242,2026-09-29,300 and 320 kW ACPM,,P,false,https://www.fueleconomy.gov/ws/rest/vehicle/50242,2026-09-29,,,,,,,,,,,,,402,,P,false,https://newsroom.porsche.com/dam/jcr:d4c6c8d5-14cc-46be-9707-3dae22d89e60/20260106_TaycanTechSpecs.pdf,2026-10-02,,,,,,,,,,,,,,,,,,,,,,,,,,,,,,,,,,,,,,,,,,,,,,,,,,,,,,,,,,,,,,,,,,,,,,,,,,,,,,,,,,,,,,,,,,,,,,,,,,,,,,,,,,,,,,,,,,,,,,,,,,,,,,,,,,,,,,,,,,,,,,,,,,,,,,,,,,,,,,,,,,,,,,,,,,,,,,,,,,,,,,,,,,,,,,,,,0,,P,false,https://static.nhtsa.gov/odi/ffdd/rcl/FLAT_RCL_POST_2010.zip,2026-09-29,,,,,,
chevrolet-equinox-ev-2026,Chevrolet,Equinox EV,FWD,2026,chevrolet-equinox-ev,,,,,,,,,,,,,85,,P,false,https://www.chevrolet.com/electric/previous-year/equinox-ev,2026-10-02,unstated,,P,false,https://www.chevrolet.com/electric/previous-year/equinox-ev,2026-10-02,,,,,,,,,,,,,,,,,,,,,,,,,,,,,,,,,,,,,,,,,,,,,,,,,,,,,,,150,,P,false,https://www.chevrolet.com/electric/previous-year/equinox-ev,2026-10-02,CCS1,,P,false,https://www.chevrolet.com/electric/previous-year/equinox-ev,2026-10-02,,,,,,,,,,,,,,,,,,,,,,,,,,,,,,,31.0762,,P,false,https://www.fueleconomy.gov/ws/rest/vehicle/49953,2026-09-29,108,,P,false,https://www.fueleconomy.gov/ws/rest/vehicle/49953,2026-09-29,319,,P,false,https://www.fueleconomy.gov/ws/rest/vehicle/49953,2026-09-29,34995,,P,false,https://www.chevrolet.com/electric/previous-year/equinox-ev,2026-10-02,,,,,,,FWD,,P,false,https://www.fueleconomy.gov/ws/rest/vehicle/49953,2026-09-29,180 kW AC Induction,,P,false,https://www.fueleconomy.gov/ws/rest/vehicle/49953,2026-09-29,,,,,,,,,,,,,,,,,,,,,,,,,,,,,,,,,,,,,,,,,,,,,,,,,,,,,,,,,,,,,,,,,,,,,,,,,TIRES:TREAD/BELT: One or more of these tires may experience partial or full tread detachment.,,P,false,https://api.nhtsa.gov/recalls/recallsByVehicle?make=CHEVROLET&model=EQUINOX%20EV&modelYear=2026,2026-09-29,,,,,,,,,,,,,BACK OVER PREVENTION:WARNINGS:EXTERNAL/PEDESTRIAN ALERT: The pedestrian alert sound system may not produce a sufficient change in volume between the vehicle being stopped and moving at low speeds.,,P,false,https://api.nhtsa.gov/recalls/recallsByVehicle?make=CHEVROLET&model=EQUINOX%20EV&modelYear=2026,2026-09-29,,,,,,,,,,,,,,,,,,,,,,,,,,,,,,,EQUIPMENT:OTHER:OWNERS/SERVICE/OTHER MANUAL: The radio may not have been set to the correct status to download the electronic owner's manual during production.,,P,false,https://api.nhtsa.gov/recalls/recallsByVehicle?make=CHEVROLET&model=EQUINOX%20EV&modelYear=2026,2026-09-29,,,,,,,,,,,,,,,,,,,,,,,,,,,,,,,,,,,,,,,,,,,,,,,,,,,,,,,,,,,,,,,,,,,,,,,,,,,,,,,3,,P,false,https://api.nhtsa.gov/recalls/recallsByVehicle?make=CHEVROLET&model=EQUINOX%20EV&modelYear=2026,2026-09-29,,,,,,
cadillac-lyriq-2026,Cadillac,Lyriq,RWD (11 kW onboard charger),2026,cadillac-lyriq,,,,,,,,,,,,,102,,P,false,https://www.cadillac.com/electric/preceding-year/lyriq/specs,2026-10-02,usable,,P,false,https://www.cadillac.com/electric/preceding-year/lyriq/specs,2026-10-02,,,,,,,,,,,,,,,,,,,64.3,,P,false,https://www.cadillac.com/electric/preceding-year/lyriq/specs,2026-10-02,196.7,,P,false,https://www.cadillac.com/electric/preceding-year/lyriq/specs,2026-10-02,121.8,,P,false,https://www.cadillac.com/electric/preceding-year/lyriq/specs,2026-10-02,,,,,,,,,,,,,11.5,,P,false,https://www.cadillac.com/electric/preceding-year/lyriq/specs,2026-10-02,190,,P,false,https://www.cadillac.com/electric/preceding-year/lyriq/specs,2026-10-02,CCS1,,P,false,https://www.cadillac.com/electric/preceding-year/lyriq/specs,2026-10-02,,,,,,,,,,,,,31.29,kWh/100mi,D,false,,2026-10-02,,,,,,,,,,,,,36.8206,,P,false,https://www.fueleconomy.gov/ws/rest/vehicle/49631,2026-09-29,92,,P,false,https://www.fueleconomy.gov/ws/rest/vehicle/49631,2026-09-29,326,,P,false,https://www.fueleconomy.gov/ws/rest/vehicle/49631,2026-09-29,59200,,P,false,https://www.cadillac.com/electric/preceding-year/lyriq,2026-10-02,,,,,,,RWD,,P,false,https://www.fueleconomy.gov/ws/rest/vehicle/49631,2026-09-29,255 kW DCPM,,P,false,https://www.fueleconomy.gov/ws/rest/vehicle/49631,2026-09-29,,,,,,,,,,,,,365,,P,false,https://www.cadillac.com/electric/preceding-year/lyriq/specs,2026-10-02,,,,,,,,,,,,,,,,,,,,,,,,,,,,,,,,,,,,,,,,,,,,,,,,,,,,,,,,,,,,,,,,,,,,,,,,,,,,,,,,,,,,,,,,,,,,,,,,,,,,,,,,,,,,,EQUIPMENT:OTHER:OWNERS/SERVICE/OTHER MANUAL: The radio may not have been set to the correct status to download the electronic owner's manual during production.,,P,false,https://api.nhtsa.gov/recalls/recallsByVehicle?make=CADILLAC&model=LYRIQ&modelYear=2026,2026-09-29,,,,,,,,,,,,,,,,,,,,,,,,,,,,,,,,,,,,,,,,,,,,,,,,,,,,,,,,,,,,,,,,,,,,,,,,,,,,,,,1,,P,false,https://api.nhtsa.gov/recalls/recallsByVehicle?make=CADILLAC&model=LYRIQ&modelYear=2026,2026-09-29,,,,,,
ford-mustang-mach-e-2026,Ford,Mustang Mach-E,RWD (standard range),2026,ford-mach-e,,,,,,,,,,,,,73,,P,false,https://www.ford.com/suvs/mach-e/2026/models/select/,2026-10-02,usable,,P,false,https://www.ford.com/suvs/mach-e/2026/models/select/,2026-10-02,,,,,,,4620,,S,false,https://www.caranddriver.com/ford/mustang-mach-e,2026-10-02,,,,,,,64,,P,false,https://www.ford.com/suvs/mach-e/2026/models/select/,2026-10-02,185.6,,P,false,https://www.ford.com/suvs/mach-e/2026/models/select/,2026-10-02,117.5,,P,false,https://www.ford.com/suvs/mach-e/2026/models/select/,2026-10-02,,,,,,,,,,,,,,,,,,,115,,S,false,https://www.caranddriver.com/ford/mustang-mach-e,2026-10-02,CCS1,,P,false,https://www.ford.com/suvs/mach-e/2026/models/select/,2026-10-02,,,,,,,,,,,,,28.08,kWh/100mi,D,false,,2026-10-02,,,,,,,,,,,,,31.4375,,P,false,https://www.fueleconomy.gov/ws/rest/vehicle/50204,2026-09-29,107,,P,false,https://www.fueleconomy.gov/ws/rest/vehicle/50204,2026-09-29,260,,P,false,https://www.fueleconomy.gov/ws/rest/vehicle/50204,2026-09-29,37795,,P,false,https://www.fromtheroad.ford.com/us/en/articles/2025/2026-mustang-mach-e-california-special,2026-10-02,5.6,,P,false,https://www.ford.com/suvs/mach-e/2026/models/select/,2026-10-02,RWD,,P,false,https://www.fueleconomy.gov/ws/rest/vehicle/50204,2026-09-29,197 kW ACPM,,P,false,https://www.fueleconomy.gov/ws/rest/vehicle/50204,2026-09-29,,,,,,,,,,,,,264,,P,false,https://www.ford.com/suvs/mach-e/2026/models/select/,2026-10-02,,,,,,,,,,,,,,,,,,,,,,,,,,,,,,,,,,,,,,,,,,,,,,,,,,,,,,,,,,,,,,,,,,,,,,,,,,,,,,,,,,,,,,,,,,,,,,,,,,,,,,,,,,,,,,,,,,,,,,,,,,,,,,,,,,,,,,,,,,,,,,,,,,,,,,,,,,,,,,,,,,,,,,,,,,,,,,,,,,,,,,,,,,,,,,,,,0,,P,false,https://static.nhtsa.gov/odi/ffdd/rcl/FLAT_RCL_POST_2010.zip,2026-09-29,True,,P,false,https://api.nhtsa.gov/products/vehicle/models?modelYear=2026&make=ford&issueType=r,2026-09-29
vw-id4-2026,Volkswagen,ID.4,RWD,2026,vw-id4,,,,,,,,,,,,,77.0,,S,false,https://www.caranddriver.com/volkswagen/id4,2026-10-02,usable,,S,false,https://www.caranddriver.com/volkswagen/id4,2026-10-02,,,,,,,,,,,,,,,,,,,,,,,,,,,,,,,,,,,,,,,,,,,,,,,,,11,,P,false,https://www.vw.com/en/models/id-4.html,2026-10-02,175,,S,false,https://www.caranddriver.com/volkswagen/id4,2026-10-02,CCS1,,P,false,https://www.vw.com/en/models/id-4.html,2026-10-02,,,,,,,,,,,,,26.46,kWh/100mi,D,false,,2026-10-02,,,,,,,,,,,,,29.783,,P,false,https://www.fueleconomy.gov/ws/rest/vehicle/49987,2026-09-29,113,,P,false,https://www.fueleconomy.gov/ws/rest/vehicle/49987,2026-09-29,291,,P,false,https://www.fueleconomy.gov/ws/rest/vehicle/49987,2026-09-29,45095,,P,false,https://www.vw.com/en/models/id-4.html,2026-10-02,7.3,,S,false,https://www.caranddriver.com/volkswagen/id4,2026-10-02,RWD,,P,false,https://www.fueleconomy.gov/ws/rest/vehicle/49987,2026-09-29,210 kW ACPM 3-Phase,,P,false,https://www.fueleconomy.gov/ws/rest/vehicle/49987,2026-09-29,,,,,,,,,,,,,,,,,,,,,,,,,,,,,,,,,,,,,,,,,,,,,,,,,,,,,,,,,,,,,,,,,,,,,,,,,,,,,,,WHEELS:LUGS/NUTS/BOLTS/STUDS: The incorrect wheel bolts may have been installed during vehicle manufacturing.,,P,false,https://api.nhtsa.gov/recalls/recallsByVehicle?make=VOLKSWAGEN&model=ID.4&modelYear=2026,2026-09-29,,,,,,,,,,,,,,,,,,,,,,,,,,,,,,,,,,,,,,,,,,,,,,,,,,,,,,,,,,,,,,,,,,,,,,,,,,,,,,,,,,,,,,,,,,,,,,,,,,,,,,,,,,,,,,,,,,,,,,,,,,,,,,,1,,P,false,https://api.nhtsa.gov/recalls/recallsByVehicle?make=VOLKSWAGEN&model=ID.4&modelYear=2026,2026-09-29,,,,,,
bmw-i4-2026,BMW,i4,eDrive35 Gran Coupe (19in wheels),2026,bmw-i4,,,,,,,,,,,,,70.3,,P,false,https://www.press.bmwgroup.com/asia/article/attachment/T0442758EN/617078,2026-10-02,unstated,,P,false,https://www.press.bmwgroup.com/asia/article/attachment/T0442758EN/617078,2026-10-02,,,,,,,4409,,P,false,https://www.press.bmwgroup.com/asia/article/attachment/T0442758EN/617078,2026-10-02,,,,,,,,,,,,,,,,,,,,,,,,,,,,,,,,,,,,,,,,,,,,,,,,,,,,,,,,,,,,,,,,,,,,,,,,,,,,,,,,,,,,,30.8327,,P,false,https://www.fueleconomy.gov/ws/rest/vehicle/50187,2026-09-29,109,,P,false,https://www.fueleconomy.gov/ws/rest/vehicle/50187,2026-09-29,251,,P,false,https://www.fueleconomy.gov/ws/rest/vehicle/50187,2026-09-29,57900,,S,false,https://www.fueleconomy.gov/feg/Find.do?action=sbs&id=50187,2026-10-02,,,,,,,RWD,,P,false,https://www.fueleconomy.gov/ws/rest/vehicle/50187,2026-09-29,210 kW EESM,,P,false,https://www.fueleconomy.gov/ws/rest/vehicle/50187,2026-09-29,,,,,,,,,,,,,,,,,,,,,,,,,,,,,,,,,,,,,,,,,,,,,,,,,,,,,,,,,,,,,,,,,,,,,,,,,,,,,,,,,,,,,,,,,,,,,,,,,,,,,,,,,,,,,,,,,,,,,,,,,,,,,,,,,,,,,,,,,,,,,,,,,,,,,,,,,,,,,,,,,,,,,,,,,,,,,,,,,,,,,,,,,,,,,,,,,,,,,,,,,,,,,,,,,,,0,,P,false,https://static.nhtsa.gov/odi/ffdd/rcl/FLAT_RCL_POST_2010.zip,2026-09-29,True,,P,false,https://api.nhtsa.gov/products/vehicle/models?modelYear=2026&make=bmw&issueType=r,2026-09-29
mercedes-cla-electric-2026,Mercedes-Benz,CLA (electric),CLA 250+ with EQ Technology,2026,mercedes-cla-electric,,,,,,,,,,,,,85,,P,false,https://www.mbusa.com/en/vehicles/model/cla/sedan/cla250e,2026-10-02,unstated,,P,false,https://www.mbusa.com/en/vehicles/model/cla/sedan/cla250e,2026-10-02,,,,,,,4530,,P,false,https://www.mbusa.com/en/vehicles/model/cla/sedan/cla250e,2026-10-02,,,,,,,57.8,,P,false,https://www.mbusa.com/en/vehicles/model/cla/sedan/cla250e,2026-10-02,185.9,,P,false,https://www.mbusa.com/en/vehicles/model/cla/sedan/cla250e,2026-10-02,109.8,,P,false,https://www.mbusa.com/en/vehicles/model/cla/sedan/cla250e,2026-10-02,73.0,,P,false,https://www.mbusa.com/en/vehicles/model/cla/sedan/cla250e,2026-10-02,,,,,,,9.6,,P,false,https://www.mbusa.com/en/vehicles/model/cla/sedan/cla250e,2026-10-02,320,,P,false,https://www.mbusa.com/en/vehicles/model/cla/sedan/cla250e,2026-10-02,NACS,,P,false,https://www.mbusa.com/en/vehicles/model/cla/sedan/cla250e,2026-10-02,,,,,,,,,,,,,,,,,,,,,,,,,,,,,,,31.0,,P,false,https://www.fueleconomy.gov/ws/rest/vehicle/50030,2026-09-29,109,,P,false,https://www.fueleconomy.gov/ws/rest/vehicle/50030,2026-09-29,317,,P,false,https://www.fueleconomy.gov/ws/rest/vehicle/50030,2026-09-29,47950,,P,false,https://www.mbusa.com/en/vehicles/class/cla/sedan,2026-10-02,6.6,,P,false,https://www.mbusa.com/en/vehicles/model/cla/sedan/cla250e,2026-10-02,RWD,,P,false,https://www.fueleconomy.gov/ws/rest/vehicle/50030,2026-09-29,200  kW ACPM 3-Phase,,P,false,https://www.fueleconomy.gov/ws/rest/vehicle/50030,2026-09-29,,,,,,,,,,,,,268,,P,false,https://www.mbusa.com/en/vehicles/model/cla/sedan/cla250e,2026-10-02,,,,,,,,,,,,,,,,,,,,,,,,,,,,,,,,,,,,,,,,,,,,,,,,,,,,,,,,,,,,,,,,,,,,,,,,,,,,,,,,,,,,,,,,,,,,,,,,,,,,,,,,,,,,,,,,,,,,,,,,,,,,,,,,,,,,,,,,,,,,,,,,,SEAT BELTS:FRONT:RETRACTOR: The front passenger seat belt retractor may have been manufactured with a defect that prevents the deactivation of the child seat safety function (Automatic Locking Retractor).,,P,false,https://api.nhtsa.gov/recalls/recallsByVehicle?make=MERCEDES-BENZ&model=CLA%20250%2B%20%28EV%29&modelYear=2026,2026-09-29,,,,,,,,,,,,,,,,,,,,,,,,,,,,,,,,,,,,,,,,,,,1,,P,false,https://api.nhtsa.gov/recalls/recallsByVehicle?make=MERCEDES-BENZ&model=CLA%20250%2B%20%28EV%29&modelYear=2026,2026-09-29,,,,,,
nissan-leaf-2026,Nissan,Leaf,75 kWh (18in steel wheels),2026,nissan-leaf,,,,,,,,,,,,,75,,P,false,https://www.nissanusa.com/vehicles/electric-cars/leaf/specs-trims.html,2026-10-02,usable,,P,false,https://www.nissanusa.com/vehicles/electric-cars/leaf/specs-trims.html,2026-10-02,,,,,,,4187,,P,false,https://usa.nissannews.com/en-US/releases/2026-nissan-leaf-press-kit,2026-10-02,,,,,,,61.3,,P,false,https://www.nissanusa.com/vehicles/electric-cars/leaf/specs-trims.html,2026-10-02,173.4,,P,false,https://www.nissanusa.com/vehicles/electric-cars/leaf/specs-trims.html,2026-10-02,105.9,,P,false,https://usa.nissannews.com/en-US/releases/2026-nissan-leaf-press-kit,2026-10-02,71.3,,P,false,https://www.nissanusa.com/vehicles/electric-cars/leaf/specs-trims.html,2026-10-02,,,,,,,7.2,,P,false,https://usa.nissannews.com/en-US/releases/2026-nissan-leaf-press-kit,2026-10-02,150,,P,false,https://usa.nissannews.com/en-US/releases/2026-nissan-leaf-press-kit,2026-10-02,NACS,,P,false,https://usa.nissannews.com/en-US/releases/2026-nissan-leaf-press-kit,2026-10-02,,,,,,,,,,,,,,,,,,,,,,,,,,,,,,,27.8215,,P,false,https://www.fueleconomy.gov/ws/rest/vehicle/49975,2026-09-29,121,,P,false,https://www.fueleconomy.gov/ws/rest/vehicle/49975,2026-09-29,303,,P,false,https://www.fueleconomy.gov/ws/rest/vehicle/49975,2026-09-29,29990,,P,false,https://usa.nissannews.com/en-US/releases/more-features-more-range-still-under-30k-all-new-2026-nissan-leaf-priced-from-29990-msrp,2026-10-02,,,,,,,FWD,,P,false,https://www.fueleconomy.gov/ws/rest/vehicle/49975,2026-09-29,160 kW AC 3-phase,,P,false,https://www.fueleconomy.gov/ws/rest/vehicle/49975,2026-09-29,,,,,,,,,,,,,214,,P,false,https://www.nissanusa.com/vehicles/electric-cars/leaf/specs-trims.html,2026-10-02,,,,,,,,,,,,,,,,,,,,,,,,,,,,,,,,,,,,,,,,,,,,,,,,,,,,,,,,,,,,,,,,,,,,,,,,,,,,,,,,,,,,,,,,,,,,,,,,,,,,,,,,,,,,,,,,,,,,,,,,,ELECTRICAL SYSTEM:PROPULSION SYSTEM:TRACTION BATTERY: The high voltage battery may have internal damage that can cause a short circuit within the battery module.,,P,false,https://api.nhtsa.gov/recalls/recallsByVehicle?make=NISSAN&model=LEAF&modelYear=2026,2026-09-29,,,,,,,,,,,,,,,,,,,,,,,,,,,,,,,"SEAT BELTS:REAR/OTHER:RETRACTOR: The outer rear seat belt automatic locking retractors (ALR) may deactivate early, which can prevent a child restraint system (CRS) from securing properly.",,P,false,https://api.nhtsa.gov/recalls/recallsByVehicle?make=NISSAN&model=LEAF&modelYear=2026,2026-09-29,,,,,,,,,,,,,,,,,,,,,,,,,,,,,,,2,,P,false,https://api.nhtsa.gov/recalls/recallsByVehicle?make=NISSAN&model=LEAF&modelYear=2026,2026-09-29,,,,,,
chevrolet-bolt-2027,Chevrolet,Bolt,LT,2027,chevrolet-bolt,,,,,,,,,,,,,65,,P,false,https://news.chevrolet.com/newsroom.detail.html/Pages/news/us/en/2025/oct/1009-2027-Chevrolet-Bolt.html,2026-10-02,unstated,,P,false,https://news.chevrolet.com/newsroom.detail.html/Pages/news/us/en/2025/oct/1009-2027-Chevrolet-Bolt.html,2026-10-02,,,,,,,3776,,P,false,https://news.chevrolet.com/newsroom.detail.html/Pages/news/us/en/2025/oct/1009-2027-Chevrolet-Bolt.html,2026-10-02,,,,,,,63.9,,P,false,https://news.chevrolet.com/newsroom.detail.html/Pages/news/us/en/2025/oct/1009-2027-Chevrolet-Bolt.html,2026-10-02,169.6,,P,false,https://news.chevrolet.com/newsroom.detail.html/Pages/news/us/en/2025/oct/1009-2027-Chevrolet-Bolt.html,2026-10-02,105.3,,P,false,https://news.chevrolet.com/newsroom.detail.html/Pages/news/us/en/2025/oct/1009-2027-Chevrolet-Bolt.html,2026-10-02,69.7,,P,false,https://news.chevrolet.com/newsroom.detail.html/Pages/news/us/en/2025/oct/1009-2027-Chevrolet-Bolt.html,2026-10-02,,,,,,,11.5,,P,false,https://news.chevrolet.com/newsroom.detail.html/Pages/news/us/en/2025/oct/1009-2027-Chevrolet-Bolt.html,2026-10-02,150,,P,false,https://news.chevrolet.com/newsroom.detail.html/Pages/news/us/en/2025/oct/1009-2027-Chevrolet-Bolt.html,2026-10-02,NACS,,P,false,https://news.chevrolet.com/newsroom.detail.html/Pages/news/us/en/2025/oct/1009-2027-Chevrolet-Bolt.html,2026-10-02,,,,,,,,,,,,,,,,,,,,,,,,,,,,,,,28.195,,P,false,https://www.fueleconomy.gov/ws/rest/vehicle/50372,2026-10-02,120,,P,false,https://www.fueleconomy.gov/ws/rest/vehicle/50372,2026-10-02,262,,P,false,https://www.fueleconomy.gov/ws/rest/vehicle/50372,2026-10-02,28995,,P,false,https://news.chevrolet.com/newsroom.detail.html/Pages/news/us/en/2025/oct/1009-2027-Chevrolet-Bolt.html,2026-10-02,,,,,,,FWD,,P,false,https://www.fueleconomy.gov/ws/rest/vehicle/50372,2026-10-02,180 kW ACPM,,P,false,https://www.fueleconomy.gov/ws/rest/vehicle/50372,2026-10-02,,,,,,,,,,,,,210,,P,false,https://news.chevrolet.com/newsroom.detail.html/Pages/news/us/en/2025/oct/1009-2027-Chevrolet-Bolt.html,2026-10-02,,,,,,,,,,,,,,,,,,,,,,,,,,,,,,,,,,,,,,,,,,,,,,,,,,,,,,,,,,,,,,,,,,,,,,,,,,,,,,,,,,,,,,,,,,,,,,,,,,,,,,,,,,,,,EQUIPMENT:OTHER:OWNERS/SERVICE/OTHER MANUAL: The radio may not have been set to the correct status to download the electronic owner's manual during production.,,P,false,https://api.nhtsa.gov/recalls/recallsByVehicle?make=CHEVROLET&model=BOLT%20EV&modelYear=2027,2026-09-29,,,,,,,,,,,,,,,,,,,,,,,,,,,,,,,,,,,,,,,,,,,,,,,,,,,,,,,,,,,,,,,,,,,,,,,,,,,,,,,1,,P,false,https://api.nhtsa.gov/recalls/recallsByVehicle?make=CHEVROLET&model=BOLT%20EV&modelYear=2027,2026-09-29,,,,,,
volvo-ex30-2026,Volvo,EX30,Single Motor Extended Range,2026,volvo-ex30,,,,,,,,,,,,,69.0,,P,false,https://www.volvocars.com/us/cars/ex30-electric/specifications/,2026-10-02,unstated,,P,false,https://www.volvocars.com/us/cars/ex30-electric/specifications/,2026-10-02,,,,,,,3913,,P,false,https://www.volvocars.com/us/cars/ex30-electric/specifications/,2026-10-02,,,,,,,61.0,,P,false,https://www.volvocars.com/us/cars/ex30-electric/specifications/,2026-10-02,166.7,,P,false,https://www.volvocars.com/us/cars/ex30-electric/specifications/,2026-10-02,104.3,,P,false,https://www.volvocars.com/us/cars/ex30-electric/specifications/,2026-10-02,72.4,,P,false,https://www.volvocars.com/us/cars/ex30-electric/specifications/,2026-10-02,,,,,,,11,,P,false,https://www.volvocars.com/us/cars/ex30-electric/specifications/,2026-10-02,153,,P,false,https://www.volvocars.com/us/cars/ex30-electric/,2026-10-02,CCS1,,P,false,https://www.volvocars.com/us/cars/ex30-electric/,2026-10-02,,,,,,,,,,,,,,,,,,,,,,,,,,,,,,,29.1651,,P,false,https://www.fueleconomy.gov/ws/rest/vehicle/49989,2026-09-29,116,,P,false,https://www.fueleconomy.gov/ws/rest/vehicle/49989,2026-09-29,261,,P,false,https://www.fueleconomy.gov/ws/rest/vehicle/49989,2026-09-29,40345,,P,false,https://www.volvocars.com/us/cars/ex30-electric/specifications/,2026-10-02,5.1,,P,false,https://www.volvocars.com/us/cars/ex30-electric/specifications/,2026-10-02,RWD,,P,false,https://www.fueleconomy.gov/ws/rest/vehicle/49989,2026-09-29,200 kW PMSM,,P,false,https://www.fueleconomy.gov/ws/rest/vehicle/49989,2026-09-29,,,,,,,,,,,,,268,,P,true,https://www.volvocars.com/us/cars/ex30-electric/specifications/,2026-10-02,,,,,,,,,,,,,,,,,,,,,,,,,,,,,,,,,,,,,,,,,,,,,,,,,,,,,,,,,,,,,,,,,,,,,,,,,,,,,,,,,,,,,,,,,,,,,,,,,,,,,,,,,,,,,,,,,,,SEAT BELTS:FRONT:WARNING LIGHT/DEVICES: The seat belt warning system may not activate the audible warning chime as intended.,,P,false,https://api.nhtsa.gov/recalls/recallsByVehicle?make=VOLVO&model=EX30&modelYear=2026,2026-09-29,,,,,,,,,,,,,,,,,,,,,,,,,,,,,,,,,,,,,,,,,,,,,,,,,,,,,,,,,,,,,,,,,,,,,,,,,1,,P,false,https://api.nhtsa.gov/recalls/recallsByVehicle?make=VOLVO&model=EX30&modelYear=2026,2026-09-29,,,,,,
genesis-gv60-rwd-2026,Genesis,GV60,RWD,2026,genesis-gv60,,,,,,,,,,,,,84,,P,false,https://www.genesis.com/us/en/gv60,2026-10-02,unstated,,P,false,https://www.genesis.com/us/en/gv60,2026-10-02,,,,,,,,,,,,,,,,,,,,,,,,,,,,,,,,,,,,,,,,,,,,,,,,,,,,,,,350,,P,false,https://www.genesis.com/us/en/gv60,2026-10-02,NACS,,P,false,https://www.genesis.com/us/en/gv60,2026-10-02,,,,,,,,,,,,,,,,,,,,,,,,,,,,,,,30.5687,,P,false,https://www.fueleconomy.gov/ws/rest/vehicle/49652,2026-10-02,110,,P,false,https://www.fueleconomy.gov/ws/rest/vehicle/49652,2026-10-02,306,,P,false,https://www.fueleconomy.gov/ws/rest/vehicle/49652,2026-10-02,52525,,P,false,https://org-us.genesis.com/us/en/offers/gv60,2026-10-02,,,,,,,RWD,,P,false,https://www.fueleconomy.gov/ws/rest/vehicle/49652,2026-10-02,168 kW PMSM,,P,false,https://www.fueleconomy.gov/ws/rest/vehicle/49652,2026-10-02,,,,,,,,,,,,,,,,,,,,,,,,,,,,,,,,,,,,,,,,,,,,,,,,,,,,,,,,,,,,,,,,,,,,,,,,,,,,,,,,,,,,,,,,,,,,,,,,,,,,,,,,,,,,,"ELECTRICAL SYSTEM:INSTRUMENT CLUSTER/PANEL: Due to a software error, the instrument panel display may fail.",,P,false,https://api.nhtsa.gov/recalls/recallsByVehicle?make=GENESIS&model=GV60&modelYear=2026,2026-10-02,,,,,,,,,,,,,,,,,,,,,,,,,,,,,,,,,,,,,,,,,,,,,,,,,,,,,,,,,,,,,,,,,,,,,,,,,,,,,,,,,,,,,,,,,,,,,,,,,1,,P,false,https://api.nhtsa.gov/recalls/recallsByVehicle?make=GENESIS&model=GV60&modelYear=2026,2026-10-02,,,,,,
polestar-2-single-motor-2025,Polestar,2,Single Motor (19in wheels),2025,polestar-2,,,,,,,,,,,,,82,,P,false,https://www.polestar.com/us/manual/polestar-2/2024/article/7e3e6472bfc4d4edc0a801511a8737f9/,2026-10-02,unstated,,P,false,https://www.polestar.com/us/manual/polestar-2/2024/article/7e3e6472bfc4d4edc0a801511a8737f9/,2026-10-02,,,,,,,4429,,S,false,https://www.polestar.com/uk/polestar-2/specifications/,2026-10-02,,,,,,,,,,,,,,,,,,,,,,,,,,,,,,,,,,,,,,,,,,,205,,S,false,https://www.polestar.com/uk/polestar-2/specifications/,2026-10-02,,,,,,,,,,,,,,,,,,,,,,,,,,,,,,,,,,,,,29.6426,,P,false,https://www.fueleconomy.gov/ws/rest/vehicle/48405,2026-10-02,114,,P,false,https://www.fueleconomy.gov/ws/rest/vehicle/48405,2026-10-02,314,,P,false,https://www.fueleconomy.gov/ws/rest/vehicle/48405,2026-10-02,,,,,,,5.9,,S,false,https://www.polestar.com/uk/polestar-2/specifications/,2026-10-02,RWD,,P,false,https://www.fueleconomy.gov/ws/rest/vehicle/48405,2026-10-02,185 and 220 kW PMSM,,P,false,https://www.fueleconomy.gov/ws/rest/vehicle/48405,2026-10-02,,,,,,,,,,,,,,,,,,,,,,,,,,,,,,,,,,,,,,,,,,,,,,,,,,,,,,,,,,,,,,,,,,,,,,,,,,,,,,,,,,,,,,,,,,,,,,,,,,,,,,,,,,,,,,,,,,,,,,,,,,,,,,,,,,,,,,,,,,,,,,,,,,,,,,,,,,,,,,,,,,,,,,,,,,,,,,,,,,,,,,,,,,,,,,,,,,,,,,,,,,,,,,,,,,,0,,P,false,https://api.nhtsa.gov/recalls/recallsByVehicle?make=POLESTAR&model=2&modelYear=2025,2026-10-02,,,,,,
honda-prologue-fwd-2026,Honda,Prologue,FWD,2026,honda-prologue,,,,,,,,,,,,,85,,P,false,https://automobiles.honda.com/prologue,2026-10-02,unstated,,P,false,https://automobiles.honda.com/prologue,2026-10-02,,,,,,,4932,,P,false,https://automobiles.honda.com/prologue/specs-features-trim-comparison,2026-10-02,,,,,,,,,,,,,,,,,,,,,,,,,,,,,,,,,,,,,,,,,,,,,,,,,CCS,,P,false,https://automobiles.honda.com/prologue,2026-10-02,,,,,,,,,,,,,,,,,,,,,,,,,,,,,,,32.5465,,P,false,https://www.fueleconomy.gov/ws/rest/vehicle/50208,2026-10-02,104,,P,false,https://www.fueleconomy.gov/ws/rest/vehicle/50208,2026-10-02,308,,P,false,https://www.fueleconomy.gov/ws/rest/vehicle/50208,2026-10-02,39900,,P,false,https://automobiles.honda.com/prologue,2026-10-02,,,,,,,FWD,,P,false,https://www.fueleconomy.gov/ws/rest/vehicle/50208,2026-10-02,180 kW ACPM,,P,false,https://www.fueleconomy.gov/ws/rest/vehicle/50208,2026-10-02,,,,,,,,,,,,,,,,,,,,,,,,,,,,,,,,,,,,,,,,,,,,,,,,,,,,,,,,,,,,,,,,,,,,,,,,,,,,,,,,,,,,,,,,,,,,,,,,,,,,,,,,,,,,,,,,,,,,,,,,,,,,,,,,,,,,,,,,,,,,,,,,,,,,,,,,,,,,,,,,,,,,,,,,,,,,,,,,,,,,,,,,,,,,,,,,,,,,,,,,,,,,,,,,,,,0,,P,false,https://api.nhtsa.gov/recalls/recallsByVehicle?make=HONDA&model=PROLOGUE&modelYear=2026,2026-10-02,,,,,,
